game_id,season,week,home_team,away_team,gameday,spread_line,predicted_margin,xgb_margin,ridge_margin,lgbm_margin
2018_01_ATL_PHI,2018,1,PHI,ATL,2018-09-06,1.0,1.0173495,1.5260085,-0.5086272,2.390219713677977
2018_01_BUF_BAL,2018,1,BAL,BUF,2018-09-09,7.5,10.086732,11.526403,5.76772,10.70946178899537
2018_01_PIT_CLE,2018,1,CLE,PIT,2018-09-09,-3.5,-7.1341705,-6.9767137,-7.6065416,-6.980121963818326
2018_01_CIN_IND,2018,1,IND,CIN,2018-09-09,-1.0,-1.7555666,-2.2314374,-0.32795453,-4.280341101918123
2018_01_TEN_MIA,2018,1,MIA,TEN,2018-09-09,-1.0,-2.186727,-1.2809435,-4.9040775,-0.34602569395805177
2018_01_SF_MIN,2018,1,MIN,SF,2018-09-09,6.0,1.5897373,0.33412325,5.3565793,-0.21110384967950915
2018_01_HOU_NE,2018,1,NE,HOU,2018-09-09,6.0,9.385503,9.714381,8.398869,8.968353233862906
2018_01_TB_NO,2018,1,NO,TB,2018-09-09,10.0,6.4926386,6.9786997,5.034454,7.422813958980739
2018_01_JAX_NYG,2018,1,NYG,JAX,2018-09-09,-2.5,-0.6814568,-1.3106368,1.206083,-1.4237990811725005
2018_01_KC_LAC,2018,1,LAC,KC,2018-09-09,3.5,2.0282342,2.4323034,0.8160269,2.1102661174627215
2018_01_WAS_ARI,2018,1,ARI,WAS,2018-09-09,2.0,1.7494278,1.7060212,1.879648,0.5714592366576289
2018_01_DAL_CAR,2018,1,CAR,DAL,2018-09-09,2.5,5.132516,5.186151,4.971611,5.290425420982422
2018_01_SEA_DEN,2018,1,DEN,SEA,2018-09-09,3.0,-1.3070667,-1.5971493,-0.43681884,-2.5127494400407424
2018_01_CHI_GB,2018,1,GB,CHI,2018-09-09,6.5,8.557428,8.201425,9.625437,6.858462266007221
2018_01_NYJ_DET,2018,1,DET,NYJ,2018-09-10,7.0,11.095095,11.47386,9.958799,9.318734032089461
2018_01_LA_OAK,2018,1,OAK,LA,2018-09-10,-6.0,-6.9893026,-6.4901643,-8.486717,-5.453084863880246
2018_02_BAL_CIN,2018,2,CIN,BAL,2018-09-13,1.0,5.3797016,4.8080473,7.0946655,2.7663711857372197
2018_02_CAR_ATL,2018,2,ATL,CAR,2018-09-16,5.5,7.2729654,7.434963,6.786971,5.281872943295009
2018_02_LAC_BUF,2018,2,BUF,LAC,2018-09-16,-7.5,-5.545603,-5.5193453,-5.6243744,-3.1720071252221707
2018_02_MIN_GB,2018,2,GB,MIN,2018-09-16,-2.0,-0.9245765,-1.7184871,1.4571551,-1.4343814398038952
2018_02_CLE_NO,2018,2,NO,CLE,2018-09-16,10.0,8.363201,8.059802,9.273399,7.5983724275440325
2018_02_MIA_NYJ,2018,2,NYJ,MIA,2018-09-16,3.0,-0.12492895,-0.5686225,1.2061517,-2.9796996720345437
2018_02_KC_PIT,2018,2,PIT,KC,2018-09-16,4.5,6.588618,7.8696027,2.7456622,9.022020488895002
2018_02_PHI_TB,2018,2,TB,PHI,2018-09-16,-3.0,-0.09330416,0.7813415,-2.717241,3.1841417799125558
2018_02_HOU_TEN,2018,2,TEN,HOU,2018-09-16,-3.5,-3.2733078,-2.6471071,-5.15191,-3.284424092682898
2018_02_IND_WAS,2018,2,WAS,IND,2018-09-16,6.0,7.2964945,7.196865,7.5953827,4.7139036459491255
2018_02_ARI_LA,2018,2,LA,ARI,2018-09-16,13.5,12.35713,12.189121,12.861158,10.412048378409589
2018_02_DET_SF,2018,2,SF,DET,2018-09-16,6.0,4.5199027,4.1298904,5.68994,3.836207840962366
2018_02_OAK_DEN,2018,2,DEN,OAK,2018-09-16,5.5,5.335838,5.1190605,5.98617,3.4148796394817618
2018_02_NE_JAX,2018,2,JAX,NE,2018-09-16,-2.0,3.2909179,4.1933875,0.5835097,2.306077098472806
2018_02_NYG_DAL,2018,2,DAL,NYG,2018-09-16,3.0,7.5142727,7.813765,6.615795,6.298722808700902
2018_02_SEA_CHI,2018,2,CHI,SEA,2018-09-17,5.0,3.6468465,3.8128064,3.1489668,3.776212950040975
2018_03_NYJ_CLE,2018,3,CLE,NYJ,2018-09-20,3.0,2.3969748,2.314615,2.6440544,0.2671082246254732
2018_03_NO_ATL,2018,3,ATL,NO,2018-09-23,1.5,-0.023299262,-0.24184674,0.6323432,0.04204867096896317
2018_03_DEN_BAL,2018,3,BAL,DEN,2018-09-23,5.5,2.4375367,2.568651,2.0441945,2.5051039947361176
2018_03_CIN_CAR,2018,3,CAR,CIN,2018-09-23,2.5,3.5515983,2.2517374,7.4511814,3.824069094293151
2018_03_NYG_HOU,2018,3,HOU,NYG,2018-09-23,6.5,4.5278087,4.5285254,4.5256586,2.8368890514966427
2018_03_TEN_JAX,2018,3,JAX,TEN,2018-09-23,10.0,9.491959,9.442814,9.639392,10.409816712872322
2018_03_SF_KC,2018,3,KC,SF,2018-09-23,6.0,6.928232,6.555671,8.045916,7.562822628970618
2018_03_OAK_MIA,2018,3,MIA,OAK,2018-09-23,3.0,6.0035486,6.899013,3.3171566,5.050819476840525
2018_03_BUF_MIN,2018,3,MIN,BUF,2018-09-23,16.5,12.572855,12.161196,13.807831,7.788228698632778
2018_03_IND_PHI,2018,3,PHI,IND,2018-09-23,6.5,7.3164177,7.3609195,7.182913,6.95327100576843
2018_03_GB_WAS,2018,3,WAS,GB,2018-09-23,-2.5,4.1483707,5.7547903,-0.6708877,4.5273429097079285
2018_03_LAC_LA,2018,3,LA,LAC,2018-09-23,7.5,7.0878873,7.4834657,5.901151,6.342055900816035
2018_03_CHI_ARI,2018,3,ARI,CHI,2018-09-23,-6.0,-6.798291,-6.5172863,-7.641306,-7.577980289164886
2018_03_DAL_SEA,2018,3,SEA,DAL,2018-09-23,1.0,-1.2541851,-0.6725144,-2.9991972,-1.3324425290237956
2018_03_NE_DET,2018,3,DET,NE,2018-09-23,-7.0,-10.014557,-9.422641,-11.790306,-6.59993007876049
2018_03_PIT_TB,2018,3,TB,PIT,2018-09-24,1.0,-2.5758557,-2.9833302,-1.3534322,-1.7720395743273527
2018_04_MIN_LA,2018,4,LA,MIN,2018-09-27,7.5,7.7353764,8.555591,5.2747355,6.549069107305595
2018_04_CIN_ATL,2018,4,ATL,CIN,2018-09-30,3.5,3.6257925,3.085697,5.24608,3.8109444668633463
2018_04_TB_CHI,2018,4,CHI,TB,2018-09-30,3.0,3.4064913,2.9013891,4.9217973,0.5320215167784443
2018_04_DET_DAL,2018,4,DAL,DET,2018-09-30,2.5,3.546432,3.2516427,4.4307995,-0.015884719493599656
2018_04_BUF_GB,2018,4,GB,BUF,2018-09-30,8.5,7.718828,7.986229,6.916626,5.874544038256583
2018_04_HOU_IND,2018,4,IND,HOU,2018-09-30,-1.0,-1.2165363,-0.8273611,-2.3840616,-0.6471161826144672
2018_04_NYJ_JAX,2018,4,JAX,NYJ,2018-09-30,7.5,8.639158,8.776222,8.227967,8.641249829747979
2018_04_MIA_NE,2018,4,NE,MIA,2018-09-30,6.5,11.884686,11.160124,14.058375,10.94438787503233
2018_04_PHI_TEN,2018,4,TEN,PHI,2018-09-30,-3.0,-1.0759292,-1.4993833,0.19443321,0.39119968554732076
2018_04_SEA_ARI,2018,4,ARI,SEA,2018-09-30,-3.5,-3.078434,-2.8516812,-3.758692,-5.194322249211837
2018_04_CLE_OAK,2018,4,OAK,CLE,2018-09-30,2.5,-2.8253736,-3.0394328,-2.1831958,-4.417829493863593
2018_04_SF_LAC,2018,4,LAC,SF,2018-09-30,10.0,9.073549,8.380533,11.1525955,7.002721080091511
2018_04_NO_NYG,2018,4,NYG,NO,2018-09-30,-3.5,-2.829598,-2.7651732,-3.0228722,-2.0868411507293194
2018_04_BAL_PIT,2018,4,PIT,BAL,2018-09-30,3.0,7.116522,7.667046,5.4649487,9.426367173709554
2018_04_KC_DEN,2018,4,DEN,KC,2018-10-01,-3.5,-4.641612,-4.4409842,-5.243495,-5.246884324667696
2018_05_IND_NE,2018,5,NE,IND,2018-10-04,10.5,16.953632,16.188799,19.248127,14.282234200262678
2018_05_TEN_BUF,2018,5,BUF,TEN,2018-10-07,-6.0,-6.574461,-6.43387,-6.996236,-6.326750255102506
2018_05_NYG_CAR,2018,5,CAR,NYG,2018-10-07,7.0,8.829052,9.449532,6.967614,8.684271190913686
2018_05_MIA_CIN,2018,5,CIN,MIA,2018-10-07,6.0,5.6169844,5.4418077,6.142513,4.609690990871919
2018_05_BAL_CLE,2018,5,CLE,BAL,2018-10-07,-3.0,-2.3067834,-1.8983438,-3.5321028,-1.3162340035266455
2018_05_GB_DET,2018,5,DET,GB,2018-10-07,1.0,0.34941328,0.9525028,-1.4598553,1.044528368812789
2018_05_JAX_KC,2018,5,KC,JAX,2018-10-07,3.0,4.2391105,3.6979022,5.8627357,3.0328619071625975
2018_05_DEN_NYJ,2018,5,NYJ,DEN,2018-10-07,-1.0,-1.736867,-1.121034,-3.5843656,-4.143593860301973
2018_05_ATL_PIT,2018,5,PIT,ATL,2018-10-07,3.5,7.9461765,8.529898,6.195012,7.985672371208897
2018_05_OAK_LAC,2018,5,LAC,OAK,2018-10-07,5.5,5.583907,5.752214,5.078988,6.564641230503009
2018_05_MIN_PHI,2018,5,PHI,MIN,2018-10-07,3.5,2.9962656,3.5861778,1.2265292,3.6361695301616326
2018_05_LA_SEA,2018,5,SEA,LA,2018-10-07,-7.5,-7.165476,-7.078483,-7.4264536,-4.726072948072366
2018_05_ARI_SF,2018,5,SF,ARI,2018-10-07,3.0,0.6886386,0.78639495,0.39536977,-1.1907133809405812
2018_05_DAL_HOU,2018,5,HOU,DAL,2018-10-07,3.5,2.1880193,3.0177302,-0.30111337,3.9777938946339697
2018_05_WAS_NO,2018,5,NO,WAS,2018-10-08,5.5,7.6644135,8.119288,6.2997894,7.846233743745644
2018_06_PHI_NYG,2018,6,NYG,PHI,2018-10-11,-1.5,-1.336734,-1.6924202,-0.26967502,-2.012522514504949
2018_06_TB_ATL,2018,6,ATL,TB,2018-10-14,3.0,1.7545136,1.8727765,1.3997251,-1.1561951176041585
2018_06_PIT_CIN,2018,6,CIN,PIT,2018-10-14,1.0,-2.9330242,-2.8824947,-3.0846126,-2.8955861975288
2018_06_LAC_CLE,2018,6,CLE,LAC,2018-10-14,1.0,-1.6354039,-1.4257951,-2.2642305,-1.7920003269629063
2018_06_BUF_HOU,2018,6,HOU,BUF,2018-10-14,10.5,7.586379,7.538381,7.7303734,5.223275744748252
2018_06_CHI_MIA,2018,6,MIA,CHI,2018-10-14,-7.5,-0.5061912,-0.027862735,-1.9411767,-1.6996435248245474
2018_06_ARI_MIN,2018,6,MIN,ARI,2018-10-14,10.0,10.005589,10.358813,8.945917,8.16229736944901
2018_06_IND_NYJ,2018,6,NYJ,IND,2018-10-14,2.5,-0.47324917,0.11119902,-2.2265937,-0.6570104073348266
2018_06_SEA_OAK,2018,6,OAK,SEA,2018-10-14,-3.0,-7.3238387,-7.397793,-7.1019764,-6.798223988010243
2018_06_CAR_WAS,2018,6,WAS,CAR,2018-10-14,-1.0,-0.69855845,-0.23871382,-2.0780923,-1.0815089049051632
2018_06_LA_DEN,2018,6,DEN,LA,2018-10-14,-7.0,-6.7757044,-7.044498,-5.969323,-4.67548004841717
2018_06_JAX_DAL,2018,6,DAL,JAX,2018-10-14,-3.0,0.3352695,-0.13451086,1.7446107,-2.345452826507152
2018_06_BAL_TEN,2018,6,TEN,BAL,2018-10-14,-2.5,-4.772569,-5.0899262,-3.8204982,-2.184318581114426
2018_06_KC_NE,2018,6,NE,KC,2018-10-14,4.0,0.48469806,0.8268449,-0.5417423,0.28715351178559734
2018_06_SF_GB,2018,6,GB,SF,2018-10-15,9.0,12.625537,12.977096,11.570862,10.532068582583385
2018_07_DEN_ARI,2018,7,ARI,DEN,2018-10-18,-1.0,0.14311069,0.62062734,-1.2894392,-2.3189900053929042
2018_07_NE_CHI,2018,7,CHI,NE,2018-10-21,-1.0,1.6415821,2.1695852,0.05757284,2.6095208080796466
2018_07_BUF_IND,2018,7,IND,BUF,2018-10-21,7.0,7.638818,6.842082,10.029027,3.4613441121338666
2018_07_HOU_JAX,2018,7,JAX,HOU,2018-10-21,4.0,3.7638016,3.8260598,3.5770268,3.649139831138175
2018_07_DET_MIA,2018,7,MIA,DET,2018-10-21,-3.0,-2.8241575,-2.8497055,-2.747514,-6.609350843150282
2018_07_MIN_NYJ,2018,7,NYJ,MIN,2018-10-21,-3.5,-2.3588853,-2.0097663,-3.4062421,-2.3652533306796406
2018_07_CAR_PHI,2018,7,PHI,CAR,2018-10-21,5.0,2.718762,3.4449937,0.54006624,3.04602167434001
2018_07_CLE_TB,2018,7,TB,CLE,2018-10-21,3.5,4.924648,4.5184374,6.1432786,6.244102895466383
2018_07_NO_BAL,2018,7,BAL,NO,2018-10-21,2.5,4.713451,4.209291,6.2259307,3.713999264580436
2018_07_LA_SF,2018,7,SF,LA,2018-10-21,-8.0,-9.200741,-9.04492,-9.668203,-7.119750645947499
2018_07_DAL_WAS,2018,7,WAS,DAL,2018-10-21,-1.5,-2.0359623,-2.0853043,-1.8879364,-2.021832324015956
2018_07_CIN_KC,2018,7,KC,CIN,2018-10-21,6.5,9.025471,9.009274,9.074063,10.720942046750093
2018_07_TEN_LAC,2018,7,LAC,TEN,2018-10-21,6.5,8.363109,9.182181,5.905892,9.705798894736725
2018_07_NYG_ATL,2018,7,ATL,NYG,2018-10-22,4.5,4.5378127,5.130304,2.760339,4.503370201963637
2018_08_MIA_HOU,2018,8,HOU,MIA,2018-10-25,7.5,12.794284,13.756212,9.908496,12.9977826295838
2018_08_BAL_CAR,2018,8,CAR,BAL,2018-10-28,-2.5,7.765834,8.477759,5.6300583,9.880920817227958
2018_08_NYJ_CHI,2018,8,CHI,NYJ,2018-10-28,8.5,10.75853,10.837459,10.521742,10.632498812936198
2018_08_TB_CIN,2018,8,CIN,TB,2018-10-28,3.5,3.9923866,3.665175,4.974021,2.8329688926575924
2018_08_SEA_DET,2018,8,DET,SEA,2018-10-28,3.0,4.0475245,4.05497,4.0251894,4.153935628746987
2018_08_DEN_KC,2018,8,KC,DEN,2018-10-28,8.5,11.8568945,12.67015,9.41713,13.473923330891202
2018_08_WAS_NYG,2018,8,NYG,WAS,2018-10-28,-1.0,-4.069294,-4.222326,-3.6101992,-3.471877365872384
2018_08_CLE_PIT,2018,8,PIT,CLE,2018-10-28,8.5,8.396052,7.5994034,10.786,7.677057530630958
2018_08_IND_OAK,2018,8,OAK,IND,2018-10-28,-3.5,-0.15722024,-0.36697894,0.4720559,-2.1471869886288486
2018_08_SF_ARI,2018,8,ARI,SF,2018-10-28,-2.5,0.24796253,1.2046541,-2.622112,-0.1908238256513289
2018_08_GB_LA,2018,8,LA,GB,2018-10-28,7.5,7.068932,7.46582,5.878269,9.06657626501641
2018_08_NO_MIN,2018,8,MIN,NO,2018-10-28,-2.5,-6.393493,-6.5608635,-5.891382,-3.2333106323106575
2018_08_PHI_JAX,2018,8,JAX,PHI,2018-10-28,-4.0,-4.5161285,-4.6560893,-4.0962477,-3.8767474899934005
2018_08_NE_BUF,2018,8,BUF,NE,2018-10-29,-13.5,-2.6366918,-0.06786096,-10.343184,0.008029288174135982
2018_09_OAK_SF,2018,9,SF,OAK,2018-11-01,-1.5,0.19947314,0.9925689,-2.179814,1.6034265024243661
2018_09_PIT_BAL,2018,9,BAL,PIT,2018-11-04,1.5,1.0902354,0.19251525,3.7833958,0.9392598247205677
2018_09_CHI_BUF,2018,9,BUF,CHI,2018-11-04,-10.5,-4.8576574,-3.6770678,-8.3994255,-3.7888404614655875
2018_09_TB_CAR,2018,9,CAR,TB,2018-11-04,6.0,5.404147,4.7752595,7.2908087,4.50583446047175
2018_09_KC_CLE,2018,9,CLE,KC,2018-11-04,-7.5,-9.154394,-8.701766,-10.5122795,-6.533631602834596
2018_09_NYJ_MIA,2018,9,MIA,NYJ,2018-11-04,3.0,1.722418,0.91593874,4.1418557,0.8202206314920704
2018_09_DET_MIN,2018,9,MIN,DET,2018-11-04,4.5,3.6313238,4.203519,1.9147384,2.260717126701135
2018_09_ATL_WAS,2018,9,WAS,ATL,2018-11-04,1.5,0.37306172,-0.33644208,2.501573,-0.3541514218520552
2018_09_HOU_DEN,2018,9,DEN,HOU,2018-11-04,1.0,0.68867624,0.44298303,1.425756,-2.166939101375786
2018_09_LAC_SEA,2018,9,SEA,LAC,2018-11-04,1.0,2.3288836,1.6417723,4.390218,2.16991085824441
2018_09_LA_NO,2018,9,NO,LA,2018-11-04,-2.5,0.39644223,1.4881399,-2.8786504,1.64501122338038
2018_09_GB_NE,2018,9,NE,GB,2018-11-04,5.0,2.7155297,3.1175697,1.5094098,3.9417866640146646
2018_09_TEN_DAL,2018,9,DAL,TEN,2018-11-05,4.5,3.3150234,3.9991255,1.2627172,4.2650609394869035
2018_10_CAR_PIT,2018,10,PIT,CAR,2018-11-08,3.5,3.3279717,3.6393425,2.393859,5.014705391395248
2018_10_DET_CHI,2018,10,CHI,DET,2018-11-11,7.5,6.8424625,7.4599233,4.9900804,7.838418041787113
2018_10_NO_CIN,2018,10,CIN,NO,2018-11-11,-5.5,-8.693714,-9.358085,-6.7006025,-8.066889674713773
2018_10_ATL_CLE,2018,10,CLE,ATL,2018-11-11,-5.5,-2.8612556,-2.0277922,-5.3616457,-3.713832145679829
2018_10_JAX_IND,2018,10,IND,JAX,2018-11-11,3.0,1.2270906,0.9552111,2.0427291,-0.041673036866110943
2018_10_ARI_KC,2018,10,KC,ARI,2018-11-11,16.5,13.75183,13.029126,15.91994,10.396188118057504
2018_10_BUF_NYJ,2018,10,NYJ,BUF,2018-11-11,6.5,5.1941442,5.469203,4.368968,4.507948241038642
2018_10_WAS_TB,2018,10,TB,WAS,2018-11-11,3.5,2.789219,3.5101874,0.6263137,3.5729755599967246
2018_10_NE_TEN,2018,10,TEN,NE,2018-11-11,-6.0,-2.335127,-2.0292194,-3.2528508,-2.7683020771579145
2018_10_LAC_OAK,2018,10,OAK,LAC,2018-11-11,-10.5,-10.162782,-9.250881,-12.898482,-6.211315722363418
2018_10_MIA_GB,2018,10,GB,MIA,2018-11-11,13.0,13.663162,13.745277,13.416815,12.33858604658453
2018_10_SEA_LA,2018,10,LA,SEA,2018-11-11,10.0,8.839488,9.102708,8.049827,10.023433608830201
2018_10_DAL_PHI,2018,10,PHI,DAL,2018-11-11,7.5,7.7593822,8.064058,6.845355,10.44049105571092
2018_10_NYG_SF,2018,10,SF,NYG,2018-11-12,3.0,5.4429727,6.157155,3.3004253,2.8440514992089243
2018_11_GB_SEA,2018,11,SEA,GB,2018-11-15,3.0,3.322649,3.1339643,3.8887029,2.910035968259436
2018_11_DAL_ATL,2018,11,ATL,DAL,2018-11-18,3.5,8.474399,9.051622,6.742728,8.802099657444332
2018_11_CIN_BAL,2018,11,BAL,CIN,2018-11-18,6.5,8.763488,8.9826565,8.105981,9.477626381255165
2018_11_CAR_DET,2018,11,DET,CAR,2018-11-18,-4.0,-5.0881968,-5.371061,-4.239604,-5.012705436319575
2018_11_TEN_IND,2018,11,IND,TEN,2018-11-18,2.0,6.0261145,5.7118025,6.9690523,4.336351096258676
2018_11_PIT_JAX,2018,11,JAX,PIT,2018-11-18,-4.0,-3.864418,-3.5731974,-4.73808,-4.746768095691108
2018_11_TB_NYG,2018,11,NYG,TB,2018-11-18,3.0,1.1295037,0.72982687,2.3285344,-2.3960676787332553
2018_11_HOU_WAS,2018,11,WAS,HOU,2018-11-18,-3.0,-1.0089238,-1.0495536,-0.8870344,-1.4075120483692085
2018_11_OAK_ARI,2018,11,ARI,OAK,2018-11-18,4.5,5.9315405,5.511395,7.1919756,5.244347458639989
2018_11_DEN_LAC,2018,11,LAC,DEN,2018-11-18,7.5,4.131424,4.99581,1.5382646,7.8592341238707215
2018_11_PHI_NO,2018,11,NO,PHI,2018-11-18,7.0,10.168634,9.919634,10.915636,10.271219607274352
2018_11_MIN_CHI,2018,11,CHI,MIN,2018-11-18,2.5,3.7783701,4.223792,2.4421046,3.6069824795103442
2018_11_KC_LA,2018,11,LA,KC,2018-11-19,3.0,6.0188565,6.597748,4.2821827,6.364237299287869
2018_12_CHI_DET,2018,12,DET,CHI,2018-11-22,-3.0,0.08528651,0.025361083,0.2650628,-0.9936513296529079
2018_12_WAS_DAL,2018,12,DAL,WAS,2018-11-22,7.0,7.0486765,7.90888,4.4680643,6.66167087957234
2018_12_ATL_NO,2018,12,NO,ATL,2018-11-22,11.5,8.044886,8.192848,7.600997,7.172906325361705
2018_12_OAK_BAL,2018,12,BAL,OAK,2018-11-25,13.0,13.368531,12.586856,15.713558,11.762225610754165
2018_12_JAX_BUF,2018,12,BUF,JAX,2018-11-25,-3.0,4.6323366,5.895464,0.8429544,4.2375921665675635
2018_12_SEA_CAR,2018,12,CAR,SEA,2018-11-25,3.0,5.49292,5.647355,5.0296125,4.169405317380925
2018_12_CLE_CIN,2018,12,CIN,CLE,2018-11-25,-1.0,-3.9533846,-3.9424088,-3.9863117,-2.968261338348777
2018_12_NE_NYJ,2018,12,NYJ,NE,2018-11-25,-13.0,-12.243338,-10.607176,-17.151821,-6.60440970587477
2018_12_NYG_PHI,2018,12,PHI,NYG,2018-11-25,4.5,2.8991036,2.834013,3.0943758,3.4792215965491935
2018_12_SF_TB,2018,12,TB,SF,2018-11-25,1.5,2.0743377,2.4095495,1.0687026,1.6571383480001125
2018_12_ARI_LAC,2018,12,LAC,ARI,2018-11-25,14.0,11.580953,10.800037,13.923699,9.145309737532624
2018_12_PIT_DEN,2018,12,DEN,PIT,2018-11-25,-3.0,-2.290493,-2.7105913,-1.0301979,-2.4269803264986822
2018_12_MIA_IND,2018,12,IND,MIA,2018-11-25,9.0,10.481315,10.957373,9.053142,10.406658639814319
2018_12_GB_MIN,2018,12,MIN,GB,2018-11-25,4.0,2.2070665,2.3981724,1.633749,2.780384697863274
2018_12_TEN_HOU,2018,12,HOU,TEN,2018-11-26,3.5,2.9210713,3.2943828,1.8011367,1.1433011235166566
2018_13_NO_DAL,2018,13,DAL,NO,2018-11-29,-7.0,-3.996352,-3.4430156,-5.6563616,-2.468074218922127
2018_13_BAL_ATL,2018,13,ATL,BAL,2018-12-02,2.5,1.9422832,2.0240588,1.6969559,2.2753298597067415
2018_13_DEN_CIN,2018,13,CIN,DEN,2018-12-02,-3.5,-3.166553,-3.4749017,-2.2415068,-6.500469906952665
2018_13_LA_DET,2018,13,DET,LA,2018-12-02,-10.5,-8.329104,-6.8833756,-12.666291,-6.710383181152999
2018_13_ARI_GB,2018,13,GB,ARI,2018-12-02,13.5,8.919765,8.02298,11.610123,7.195839554298118
2018_13_CLE_HOU,2018,13,HOU,CLE,2018-12-02,5.0,0.9910873,0.8650843,1.3690964,1.0758673529603415
2018_13_IND_JAX,2018,13,JAX,IND,2018-12-02,-4.0,-4.5553007,-4.1926537,-5.643241,-2.8252599619236594
2018_13_BUF_MIA,2018,13,MIA,BUF,2018-12-02,3.5,1.4113711,1.1253673,2.2693825,0.14834507482294895
2018_13_CHI_NYG,2018,13,NYG,CHI,2018-12-02,-3.5,-0.006613314,0.34191424,-1.052196,-1.4721326340646628
2018_13_CAR_TB,2018,13,TB,CAR,2018-12-02,-3.5,-1.376617,-0.7633058,-3.2165506,0.3439182088129363
2018_13_KC_OAK,2018,13,OAK,KC,2018-12-02,-14.0,-9.409055,-7.0287523,-16.549961,-6.489029988953882
2018_13_NYJ_TEN,2018,13,TEN,NYJ,2018-12-02,10.5,8.570105,7.5067177,11.760265,7.23746475348103
2018_13_MIN_NE,2018,13,NE,MIN,2018-12-02,6.0,11.729255,11.421217,12.653369,12.369543931713837
2018_13_SF_SEA,2018,13,SEA,SF,2018-12-02,10.0,10.394959,9.202435,13.972535,9.375679337253125
2018_13_LAC_PIT,2018,13,PIT,LAC,2018-12-02,3.5,5.434416,6.253085,2.9784083,6.067880872821084
2018_13_WAS_PHI,2018,13,PHI,WAS,2018-12-03,5.5,7.5853453,7.0369306,9.230589,4.886771452905592
2018_14_JAX_TEN,2018,14,TEN,JAX,2018-12-06,5.5,4.416903,3.8845813,6.0138683,3.7764714657160927
2018_14_NYJ_BUF,2018,14,BUF,NYJ,2018-12-09,4.5,0.5044547,1.2561436,-1.750612,1.4084295235635558
2018_14_CAR_CLE,2018,14,CLE,CAR,2018-12-09,-1.0,-2.5010157,-2.7681487,-1.6996162,-3.0598776904076472
2018_14_ATL_GB,2018,14,GB,ATL,2018-12-09,4.0,1.3174219,0.8485171,2.724136,-0.22491198059753864
2018_14_IND_HOU,2018,14,HOU,IND,2018-12-09,4.0,5.998497,5.945695,6.156903,5.8941232226798865
2018_14_BAL_KC,2018,14,KC,BAL,2018-12-09,6.5,10.724287,11.158861,9.420562,13.296746399574547
2018_14_NE_MIA,2018,14,MIA,NE,2018-12-09,-8.5,-7.8058705,-7.6142206,-8.380819,-5.6797007169865115
2018_14_NO_TB,2018,14,TB,NO,2018-12-09,-8.5,-6.767894,-6.334862,-8.066987,-3.1659051886725047
2018_14_NYG_WAS,2018,14,WAS,NYG,2018-12-09,-3.0,-2.610904,-2.3100324,-3.513519,-3.904460239566497
2018_14_CIN_LAC,2018,14,LAC,CIN,2018-12-09,17.0,12.689177,12.100574,14.454987,11.839270685756958
2018_14_DEN_SF,2018,14,SF,DEN,2018-12-09,-3.0,-3.070053,-2.7994561,-3.8818433,-3.8498486161355507
2018_14_DET_ARI,2018,14,ARI,DET,2018-12-09,-2.5,1.3999954,1.6336182,0.6991271,1.9723044883029937
2018_14_PHI_DAL,2018,14,DAL,PHI,2018-12-09,3.5,3.0627263,3.3444784,2.21747,2.042609687444985
2018_14_PIT_OAK,2018,14,OAK,PIT,2018-12-09,-10.5,-9.648272,-8.571844,-12.877555,-5.574079987009467
2018_14_LA_CHI,2018,14,CHI,LA,2018-12-09,-3.0,-4.8294306,-4.5193996,-5.7595224,-3.577825105242781
2018_14_MIN_SEA,2018,14,SEA,MIN,2018-12-10,3.0,2.863988,2.2724998,4.638452,2.348028444722796
2018_15_LAC_KC,2018,15,KC,LAC,2018-12-13,3.5,6.1185784,6.3555346,5.4077086,7.621563996888923
2018_15_HOU_NYJ,2018,15,NYJ,HOU,2018-12-15,-7.0,-9.409638,-9.463635,-9.247646,-8.666220700130655
2018_15_CLE_DEN,2018,15,DEN,CLE,2018-12-15,1.0,1.8377838,1.4200617,3.0909503,0.6999936444685715
2018_15_ARI_ATL,2018,15,ATL,ARI,2018-12-16,10.0,5.089252,4.4585767,6.9812775,5.14707167217518
2018_15_TB_BAL,2018,15,BAL,TB,2018-12-16,8.5,8.404437,9.241637,5.8928385,7.83909860843165
2018_15_DET_BUF,2018,15,BUF,DET,2018-12-16,2.5,0.8942444,1.5964788,-1.2124588,1.093572172901722
2018_15_GB_CHI,2018,15,CHI,GB,2018-12-16,6.0,4.3628755,4.385253,4.295743,3.1326055260021226
2018_15_OAK_CIN,2018,15,CIN,OAK,2018-12-16,3.0,5.4588585,5.328026,5.8513556,3.181514324677543
2018_15_DAL_IND,2018,15,IND,DAL,2018-12-16,3.0,6.9196815,6.419149,8.421279,4.988348531582928
2018_15_WAS_JAX,2018,15,JAX,WAS,2018-12-16,7.5,6.6153436,6.800174,6.060852,6.1731247537009315
2018_15_MIA_MIN,2018,15,MIN,MIA,2018-12-16,7.5,9.649132,10.067065,8.395334,12.105750060431017
2018_15_TEN_NYG,2018,15,NYG,TEN,2018-12-16,-2.5,-0.37822735,-0.36038095,-0.4317665,-1.0082236491305088
2018_15_SEA_SF,2018,15,SF,SEA,2018-12-16,-3.5,-4.437771,-4.3520117,-4.6950493,-3.1566318418957904
2018_15_NE_PIT,2018,15,PIT,NE,2018-12-16,-2.5,0.98971987,2.8101242,-4.471493,4.508083025363177
2018_15_PHI_LA,2018,15,LA,PHI,2018-12-16,13.5,5.896429,6.0303698,5.494607,7.329457171959385
2018_15_NO_CAR,2018,15,CAR,NO,2018-12-17,-6.0,-6.754005,-6.487006,-7.555002,-2.3186806615155637
2018_16_WAS_TEN,2018,16,TEN,WAS,2018-12-22,12.5,11.635986,11.615157,11.698474,8.475695723203645
2018_16_BAL_LAC,2018,16,LAC,BAL,2018-12-22,4.0,9.107426,10.297227,5.538021,11.041031592734145
2018_16_ATL_CAR,2018,16,CAR,ATL,2018-12-23,-2.5,-3.6323414,-3.2261076,-4.8510427,-1.8068659589672085
2018_16_CIN_CLE,2018,16,CLE,CIN,2018-12-23,10.0,12.985188,12.871423,13.32648,14.312831605473901
2018_16_TB_DAL,2018,16,DAL,TB,2018-12-23,7.0,4.887261,4.646831,5.608551,3.865216974365467
2018_16_MIN_DET,2018,16,DET,MIN,2018-12-23,-6.5,-9.53339,-9.609877,-9.303929,-7.502383781499945
2018_16_NYG_IND,2018,16,IND,NYG,2018-12-23,10.0,3.066029,2.4915588,4.7894397,1.4147410437354493
2018_16_JAX_MIA,2018,16,MIA,JAX,2018-12-23,3.0,1.1463318,0.3108519,3.6527712,-2.423178586926424
2018_16_BUF_NE,2018,16,NE,BUF,2018-12-23,14.0,7.6394167,6.364116,11.465319,7.6322347599985605
2018_16_GB_NYJ,2018,16,NYJ,GB,2018-12-23,-3.0,1.323859,1.928717,-0.49071527,-3.5027881873363556
2018_16_HOU_PHI,2018,16,PHI,HOU,2018-12-23,1.0,-3.6614003,-4.2652025,-1.8499935,-4.205161189507083
2018_16_LA_ARI,2018,16,ARI,LA,2018-12-23,-14.5,-9.749234,-8.381414,-13.8526945,-7.059485406946611
2018_16_CHI_SF,2018,16,SF,CHI,2018-12-23,-3.5,-2.110516,-2.0903454,-2.171028,-1.2838013228468552
2018_16_PIT_NO,2018,16,NO,PIT,2018-12-23,6.5,6.924586,7.134995,6.293358,7.664840814355289
2018_16_KC_SEA,2018,16,SEA,KC,2018-12-23,-1.0,-0.9431881,-1.0912664,-0.4989531,-0.6560589587226994
2018_16_DEN_OAK,2018,16,OAK,DEN,2018-12-24,-2.5,-3.6241465,-2.7482111,-6.251952,-2.619979318876446
2018_17_MIA_BUF,2018,17,BUF,MIA,2018-12-30,5.5,2.2263432,1.7540414,3.6432486,3.010150091065403
2018_17_DET_GB,2018,17,GB,DET,2018-12-30,7.5,5.682476,5.1335225,7.329337,4.91615013508964
2018_17_JAX_HOU,2018,17,HOU,JAX,2018-12-30,7.0,9.62965,10.191953,7.9427423,7.2868363601877695
2018_17_NYJ_NE,2018,17,NE,NYJ,2018-12-30,14.0,11.447084,10.701675,13.683313,7.832436535659792
2018_17_CAR_NO,2018,17,NO,CAR,2018-12-30,8.0,11.436385,12.26807,8.941329,12.224597037562766
2018_17_DAL_NYG,2018,17,NYG,DAL,2018-12-30,7.5,9.041318,9.456779,7.794937,9.545994354013246
2018_17_ATL_TB,2018,17,TB,ATL,2018-12-30,-2.5,-2.1485238,-1.9201671,-2.833594,-0.6543116702131652
2018_17_CLE_BAL,2018,17,BAL,CLE,2018-12-30,7.0,4.2122126,4.5460258,3.2107725,4.876699721224506
2018_17_LAC_DEN,2018,17,DEN,LAC,2018-12-30,-7.0,-7.2142715,-7.297538,-6.9644747,-5.27879431711759
2018_17_OAK_KC,2018,17,KC,OAK,2018-12-30,14.5,12.517035,11.224906,16.39342,10.186567054815248
2018_17_SF_LA,2018,17,LA,SF,2018-12-30,10.5,14.795036,15.328626,13.194266,13.701586050697902
2018_17_CHI_MIN,2018,17,MIN,CHI,2018-12-30,6.0,0.40172547,0.021192707,1.5433238,3.2641427424103906
2018_17_CIN_PIT,2018,17,PIT,CIN,2018-12-30,14.0,8.130098,8.101681,8.215349,6.538371619457218
2018_17_ARI_SEA,2018,17,SEA,ARI,2018-12-30,15.5,13.470495,12.627579,15.999247,11.30992187843677
2018_17_PHI_WAS,2018,17,WAS,PHI,2018-12-30,-6.0,-3.956403,-3.7398975,-4.60592,-2.0238652618463364
2018_17_IND_TEN,2018,17,TEN,IND,2018-12-30,-5.0,3.8043725,4.6323957,1.3203033,5.104805893350217
2018_18_IND_HOU,2018,18,HOU,IND,2019-01-05,2.0,-2.6083853,-3.0831525,-1.1840837,0.574378598386834
2018_18_SEA_DAL,2018,18,DAL,SEA,2019-01-05,2.5,0.2855647,-0.5031203,2.6516197,-1.2797591222771407
2018_18_LAC_BAL,2018,18,BAL,LAC,2019-01-06,3.0,4.5278683,3.9655945,6.21469,2.3699227994760586
2018_18_PHI_CHI,2018,18,CHI,PHI,2019-01-06,6.5,5.8993845,4.7977686,9.204231,1.416397364725271
2018_19_IND_KC,2018,19,KC,IND,2019-01-12,4.0,5.914796,5.487491,7.1967106,8.450765411617605
2018_19_DAL_LA,2018,19,LA,DAL,2019-01-12,7.5,11.171923,11.1405325,11.266095,9.650343781141553
2018_19_LAC_NE,2018,19,NE,LAC,2019-01-13,4.0,13.519173,14.049048,11.929546,13.783611932305515
2018_19_PHI_NO,2018,19,NO,PHI,2019-01-13,8.5,2.4581895,1.6572875,4.860895,5.669601940906398
2018_20_LA_NO,2018,20,NO,LA,2019-01-20,3.0,2.7202578,1.5119823,6.345084,1.817364598819913
2018_20_NE_KC,2018,20,KC,NE,2019-01-20,3.0,-0.5350017,0.0333031,-2.239916,2.404532522535823
2018_21_NE_LA,2018,21,LA,NE,2019-02-03,-2.0,2.642879,4.5213537,-2.992545,5.067352143961081
2019_01_GB_CHI,2019,1,CHI,GB,2019-09-05,3.5,4.5867805,4.3943114,5.1641874,4.91661682456264
2019_01_LA_CAR,2019,1,CAR,LA,2019-09-08,-1.5,-1.7557175,-1.6993079,-1.9249461,-1.0136364287907373
2019_01_TEN_CLE,2019,1,CLE,TEN,2019-09-08,5.5,3.9378872,3.8816385,4.106633,3.505865869291908
2019_01_KC_JAX,2019,1,JAX,KC,2019-09-08,-3.5,-7.8947845,-7.973864,-7.657545,-6.332608913974567
2019_01_BAL_MIA,2019,1,MIA,BAL,2019-09-08,-7.0,-7.282097,-7.0018425,-8.12286,-5.323665822468964
2019_01_ATL_MIN,2019,1,MIN,ATL,2019-09-08,3.5,3.0437322,2.8097503,3.7456775,3.8119101488872267
2019_01_BUF_NYJ,2019,1,NYJ,BUF,2019-09-08,2.5,2.805365,2.4745173,3.7979083,1.2439696573985246
2019_01_WAS_PHI,2019,1,PHI,WAS,2019-09-08,10.5,7.8780203,7.9791327,7.574683,9.561200265391307
2019_01_IND_LAC,2019,1,LAC,IND,2019-09-08,6.0,5.5113764,5.05426,6.8827257,4.072748255918513
2019_01_CIN_SEA,2019,1,SEA,CIN,2019-09-08,9.5,10.35663,10.786994,9.065542,10.26357946266314
2019_01_DET_ARI,2019,1,ARI,DET,2019-09-08,-2.5,-2.985027,-2.34388,-4.9084682,-2.0034249341497516
2019_01_NYG_DAL,2019,1,DAL,NYG,2019-09-08,7.0,7.521759,6.89126,9.413255,5.769556652632345
2019_01_SF_TB,2019,1,TB,SF,2019-09-08,1.0,0.6086588,0.39179733,1.2592432,0.861368359942452
2019_01_PIT_NE,2019,1,NE,PIT,2019-09-08,5.5,3.9973323,3.1662266,6.490649,4.428986904738485
2019_01_HOU_NO,2019,1,NO,HOU,2019-09-09,6.5,6.073215,6.6406603,4.3708787,4.5997766912513285
2019_01_DEN_OAK,2019,1,OAK,DEN,2019-09-09,-3.0,-0.88409287,-1.2560252,0.231704,-0.8909979145625354
2019_02_TB_CAR,2019,2,CAR,TB,2019-09-12,6.5,6.5634966,6.7487564,6.0077176,5.891421887364075
2019_02_ARI_BAL,2019,2,BAL,ARI,2019-09-15,13.0,11.140869,11.362173,10.476958,13.543595585337245
2019_02_SF_CIN,2019,2,CIN,SF,2019-09-15,1.0,-4.492198,-4.5478983,-4.325096,-3.4207265241350187
2019_02_LAC_DET,2019,2,DET,LAC,2019-09-15,-1.0,2.490158,2.6238568,2.0890615,3.4727740843759354
2019_02_MIN_GB,2019,2,GB,MIN,2019-09-15,3.0,1.3574188,0.9067703,2.7093644,0.12141602860463563
2019_02_JAX_HOU,2019,2,HOU,JAX,2019-09-15,7.5,3.6690812,4.740389,0.4551587,4.554763869208785
2019_02_NE_MIA,2019,2,MIA,NE,2019-09-15,-18.0,-10.19331,-7.8004985,-17.371746,-6.70976218939572
2019_02_BUF_NYG,2019,2,NYG,BUF,2019-09-15,-1.0,1.056025,1.430675,-0.067925215,0.48999339101900957
2019_02_SEA_PIT,2019,2,PIT,SEA,2019-09-15,4.0,4.4467874,4.174754,5.262887,4.934191508569635
2019_02_IND_TEN,2019,2,TEN,IND,2019-09-15,3.0,1.0038126,1.13423,0.6125605,2.0007039790089634
2019_02_DAL_WAS,2019,2,WAS,DAL,2019-09-15,-6.0,-4.696304,-5.332971,-2.7863028,-2.3097684604752
2019_02_KC_OAK,2019,2,OAK,KC,2019-09-15,-7.0,-8.999096,-9.2041445,-8.383948,-7.3924644054077735
2019_02_CHI_DEN,2019,2,DEN,CHI,2019-09-15,-3.0,-6.846941,-5.6742363,-10.365054,-6.2727081545643975
2019_02_NO_LA,2019,2,LA,NO,2019-09-15,2.0,2.8048964,3.1570146,1.7485416,2.912205894361253
2019_02_PHI_ATL,2019,2,ATL,PHI,2019-09-15,-1.0,0.96601313,1.1864753,0.3046267,1.4189794805165574
2019_02_CLE_NYJ,2019,2,NYJ,CLE,2019-09-16,-6.5,-3.6115236,-4.1961265,-1.8577158,-2.8830003905030863
2019_03_TEN_JAX,2019,3,JAX,TEN,2019-09-19,-1.5,4.1306667,3.1281016,7.138362,3.840176642152234
2019_03_CIN_BUF,2019,3,BUF,CIN,2019-09-22,5.5,4.670989,4.909503,3.9554474,5.1678130112199065
2019_03_MIA_DAL,2019,3,DAL,MIA,2019-09-22,22.0,7.901766,5.4038053,15.395647,7.224309503738476
2019_03_DEN_GB,2019,3,GB,DEN,2019-09-22,7.0,11.552853,11.558737,11.535202,11.444264232748058
2019_03_ATL_IND,2019,3,IND,ATL,2019-09-22,1.0,-4.1059947,-4.812662,-1.9859927,-4.816126017413803
2019_03_BAL_KC,2019,3,KC,BAL,2019-09-22,4.5,5.51954,5.5613856,5.394003,5.402230609702697
2019_03_OAK_MIN,2019,3,MIN,OAK,2019-09-22,8.5,9.757315,9.113443,11.688927,8.79401890661379
2019_03_NYJ_NE,2019,3,NE,NYJ,2019-09-22,20.5,13.083952,10.918133,19.581411,10.656702520761357
2019_03_DET_PHI,2019,3,PHI,DET,2019-09-22,4.0,0.96701694,1.0156574,0.8210956,0.5897388124034444
2019_03_CAR_ARI,2019,3,ARI,CAR,2019-09-22,2.5,1.4779692,1.5652819,1.2160313,1.840933276471837
2019_03_NYG_TB,2019,3,TB,NYG,2019-09-22,5.0,2.1733425,2.8524625,0.13598251,4.1888630832328975
2019_03_HOU_LAC,2019,3,LAC,HOU,2019-09-22,3.0,4.718623,4.904716,4.160346,3.792664896588504
2019_03_NO_SEA,2019,3,SEA,NO,2019-09-22,5.0,4.726422,5.063715,3.7145429,3.594911601979954
2019_03_PIT_SF,2019,3,SF,PIT,2019-09-22,6.0,3.287593,2.9749985,4.2253766,2.4094356145018816
2019_03_LA_CLE,2019,3,CLE,LA,2019-09-22,-4.0,-1.517282,-1.1067059,-2.7490103,-0.30047146097769034
2019_03_CHI_WAS,2019,3,WAS,CHI,2019-09-23,-5.0,-2.753227,-2.8036432,-2.601978,-2.3190038834537585
2019_04_PHI_GB,2019,4,GB,PHI,2019-09-26,3.5,1.9511895,2.1847036,1.2506478,1.8645354071864813
2019_04_TEN_ATL,2019,4,ATL,TEN,2019-09-29,3.5,2.7891102,3.299658,1.2574663,2.557859383811875
2019_04_CLE_BAL,2019,4,BAL,CLE,2019-09-29,7.5,9.067226,9.61418,7.426365,8.953281534432918
2019_04_NE_BUF,2019,4,BUF,NE,2019-09-29,-7.0,-8.361589,-7.200557,-11.844688,-6.627181392870496
2019_04_KC_DET,2019,4,DET,KC,2019-09-29,-7.5,-10.0208435,-9.955143,-10.217947,-7.465583111269645
2019_04_CAR_HOU,2019,4,HOU,CAR,2019-09-29,5.5,3.3385527,2.7760015,5.026206,3.6615099478168833
2019_04_OAK_IND,2019,4,IND,OAK,2019-09-29,5.5,9.25968,8.625729,11.161534,6.516119565381977
2019_04_LAC_MIA,2019,4,MIA,LAC,2019-09-29,-15.0,-12.005676,-10.549622,-16.37384,-6.730416179573313
2019_04_WAS_NYG,2019,4,NYG,WAS,2019-09-29,3.0,3.4164402,2.3767684,6.5354557,3.816516508669263
2019_04_SEA_ARI,2019,4,ARI,SEA,2019-09-29,-5.5,-7.3939095,-7.4714446,-7.1613035,-5.993066955972707
2019_04_TB_LA,2019,4,LA,TB,2019-09-29,9.0,7.6969695,7.122342,9.420851,7.4093952234964755
2019_04_MIN_CHI,2019,4,CHI,MIN,2019-09-29,-1.0,-3.1337807,-3.6105757,-1.7033956,-0.5829743678987405
2019_04_JAX_DEN,2019,4,DEN,JAX,2019-09-29,2.5,3.644738,4.4510264,1.225873,3.8821507983133055
2019_04_DAL_NO,2019,4,NO,DAL,2019-09-29,-2.5,0.6075884,0.21603993,1.782234,0.48665970842465506
2019_04_CIN_PIT,2019,4,PIT,CIN,2019-09-30,3.5,8.602365,8.73782,8.196,9.464373543538008
2019_05_LA_SEA,2019,5,SEA,LA,2019-10-03,1.5,-1.8872638,-2.1336339,-1.1481533,-0.6318946007495762
2019_05_JAX_CAR,2019,5,CAR,JAX,2019-10-06,3.0,0.8607175,1.7203172,-1.7180817,2.02882088095059
2019_05_ARI_CIN,2019,5,CIN,ARI,2019-10-06,3.0,0.47540587,0.9360542,-0.9065392,2.297249114429773
2019_05_ATL_HOU,2019,5,HOU,ATL,2019-10-06,4.0,7.457153,7.2311087,8.135286,5.6579658680253
2019_05_TB_NO,2019,5,NO,TB,2019-10-06,3.0,5.652897,4.7107325,8.479391,3.5241119065860165
2019_05_MIN_NYG,2019,5,NYG,MIN,2019-10-06,-5.5,-2.9436646,-2.4434664,-4.4442587,-0.8672050539411675
2019_05_CHI_OAK,2019,5,OAK,CHI,2019-10-06,-6.5,-2.4616725,-2.7227886,-1.6783245,-2.606479290652355
2019_05_NYJ_PHI,2019,5,PHI,NYJ,2019-10-06,14.0,9.15667,8.366597,11.526887,9.246945428585857
2019_05_BAL_PIT,2019,5,PIT,BAL,2019-10-06,-3.5,0.420937,0.6978229,-0.40972066,2.8199146435052573
2019_05_BUF_TEN,2019,5,TEN,BUF,2019-10-06,3.5,4.104531,4.15989,3.9384525,4.4381375090265145
2019_05_NE_WAS,2019,5,WAS,NE,2019-10-06,-15.5,-9.594122,-7.8238387,-14.904973,-6.715136102158112
2019_05_DEN_LAC,2019,5,LAC,DEN,2019-10-06,4.0,10.831717,11.119929,9.967078,9.565220656691782
2019_05_GB_DAL,2019,5,DAL,GB,2019-10-06,3.5,4.068921,4.855392,1.7095082,3.4054563488666285
2019_05_IND_KC,2019,5,KC,IND,2019-10-06,10.5,4.2309566,4.2424755,4.1964,4.626046350499052
2019_05_CLE_SF,2019,5,SF,CLE,2019-10-07,5.0,4.1477156,4.296163,3.702373,4.658465590222454
2019_06_NYG_NE,2019,6,NE,NYG,2019-10-10,16.5,12.846886,12.568155,13.683074,10.112212739448756
2019_06_CAR_TB,2019,6,TB,CAR,2019-10-13,-2.0,-1.1348165,-1.0394388,-1.4209495,-1.584900962882553
2019_06_CIN_BAL,2019,6,BAL,CIN,2019-10-13,10.5,7.9178057,7.34266,9.643243,7.53893796940708
2019_06_SEA_CLE,2019,6,CLE,SEA,2019-10-13,1.0,2.5219033,2.3020403,3.181492,3.1529340832110857
2019_06_NO_JAX,2019,6,JAX,NO,2019-10-13,2.5,3.6780293,3.3652968,4.616227,1.6609215684379468
2019_06_HOU_KC,2019,6,KC,HOU,2019-10-13,3.5,2.8828127,4.257353,-1.2408073,4.904543374809383
2019_06_WAS_MIA,2019,6,MIA,WAS,2019-10-13,-6.0,-9.514345,-9.386135,-9.898975,-7.16137232687429
2019_06_PHI_MIN,2019,6,MIN,PHI,2019-10-13,3.5,3.1937466,3.0424638,3.6475947,2.7183464335212735
2019_06_ATL_ARI,2019,6,ARI,ATL,2019-10-13,-3.0,0.5240034,0.87786263,-0.5375743,0.9391776499149799
2019_06_SF_LA,2019,6,LA,SF,2019-10-13,3.0,5.5786996,5.835067,4.809599,5.599618606396197
2019_06_TEN_DEN,2019,6,DEN,TEN,2019-10-13,1.0,-0.71595013,-0.6789502,-0.8269501,-2.7511803280345255
2019_06_DAL_NYJ,2019,6,NYJ,DAL,2019-10-13,-7.0,-9.286411,-9.488913,-8.678907,-5.743892522070899
2019_06_PIT_LAC,2019,6,LAC,PIT,2019-10-13,6.0,2.9755926,3.5460224,1.2643032,4.218891913445926
2019_06_DET_GB,2019,6,GB,DET,2019-10-14,3.5,6.572627,6.4558287,6.923023,6.144674334126913
2019_07_KC_DEN,2019,7,DEN,KC,2019-10-17,-3.0,-2.738633,-2.7813392,-2.6105149,-1.3373562448079814
2019_07_LA_ATL,2019,7,ATL,LA,2019-10-20,-3.0,-3.9605246,-4.012053,-3.8059385,-2.492026627161696
2019_07_MIA_BUF,2019,7,BUF,MIA,2019-10-20,17.0,11.577823,10.1978,15.717892,11.048920831473282
2019_07_JAX_CIN,2019,7,CIN,JAX,2019-10-20,-4.0,-9.425408,-8.382205,-12.55502,-6.6371909311807
2019_07_MIN_DET,2019,7,DET,MIN,2019-10-20,-2.5,-4.1930585,-3.747602,-5.5294285,-1.9968297789973384
2019_07_OAK_GB,2019,7,GB,OAK,2019-10-20,5.5,6.57437,6.693939,6.2156615,6.951662643547851
2019_07_HOU_IND,2019,7,IND,HOU,2019-10-20,1.5,1.3332152,0.31213063,4.396469,-0.16779161500506984
2019_07_ARI_NYG,2019,7,NYG,ARI,2019-10-20,3.5,1.6523967,1.122765,3.2412918,2.523479932238688
2019_07_SF_WAS,2019,7,WAS,SF,2019-10-20,-10.0,-5.4379396,-4.8365154,-7.2422113,-4.732887207955282
2019_07_LAC_TEN,2019,7,TEN,LAC,2019-10-20,3.0,-0.3314048,-0.19119987,-0.75201964,1.5301147857011401
2019_07_NO_CHI,2019,7,CHI,NO,2019-10-20,4.0,3.4529057,3.7422934,2.5847425,4.19504622057126
2019_07_BAL_SEA,2019,7,SEA,BAL,2019-10-20,3.0,6.1734667,6.7932577,4.3140955,7.1652518758919745
2019_07_PHI_DAL,2019,7,DAL,PHI,2019-10-20,3.0,3.2382298,3.5369184,2.3421643,3.5469160467690073
2019_07_NE_NYJ,2019,7,NYJ,NE,2019-10-21,-9.5,-7.458879,-5.48955,-13.366865,-5.206571385691294
2019_08_WAS_MIN,2019,8,MIN,WAS,2019-10-24,16.5,11.146861,9.664211,15.594811,11.277612303683242
2019_08_SEA_ATL,2019,8,ATL,SEA,2019-10-27,-7.5,-7.485778,-7.4380574,-7.6289396,-7.683833029863988
2019_08_PHI_BUF,2019,8,BUF,PHI,2019-10-27,1.0,-1.1684788,-2.0439937,1.4580655,-0.6959545359392516
2019_08_LAC_CHI,2019,8,CHI,LAC,2019-10-27,3.5,4.9359584,5.6942616,2.6610491,6.101955646152431
2019_08_NYG_DET,2019,8,DET,NYG,2019-10-27,6.5,3.7549675,3.4091275,4.792487,3.811855747210361
2019_08_DEN_IND,2019,8,IND,DEN,2019-10-27,6.0,8.04072,7.925854,8.385318,6.419429320249446
2019_08_NYJ_JAX,2019,8,JAX,NYJ,2019-10-27,7.0,9.866331,9.279858,11.62575,9.304590307743215
2019_08_CIN_LA,2019,8,LA,CIN,2019-10-27,12.0,15.647688,15.819833,15.13125,14.86315500362511
2019_08_ARI_NO,2019,8,NO,ARI,2019-10-27,12.5,12.5593405,12.332416,13.240115,9.93899213769054
2019_08_TB_TEN,2019,8,TEN,TB,2019-10-27,2.0,1.1890112,0.60267866,2.948009,-0.5452198284724517
2019_08_CAR_SF,2019,8,SF,CAR,2019-10-27,4.5,3.0620782,3.3312085,2.2546875,2.9250465526936047
2019_08_OAK_HOU,2019,8,HOU,OAK,2019-10-27,5.0,3.1415758,3.1346,3.1625028,2.899303513980088
2019_08_CLE_NE,2019,8,NE,CLE,2019-10-27,9.5,6.780302,6.339468,8.102803,5.691388655239125
2019_08_GB_KC,2019,8,KC,GB,2019-10-27,-5.0,-3.073938,-2.6589425,-4.318924,-4.43248746147288
2019_08_MIA_PIT,2019,8,PIT,MIA,2019-10-28,14.0,13.326614,12.676321,15.277498,12.508760248854935
2019_09_SF_ARI,2019,9,ARI,SF,2019-10-31,-10.5,-4.079423,-3.5024307,-5.8104,-3.402945066151842
2019_09_HOU_JAX,2019,9,JAX,HOU,2019-11-03,1.0,3.652728,2.9984324,5.6156154,4.030459621472232
2019_09_WAS_BUF,2019,9,BUF,WAS,2019-11-03,10.5,6.456028,5.9810038,7.8810987,6.128517527443997
2019_09_TEN_CAR,2019,9,CAR,TEN,2019-11-03,3.5,7.852765,7.991878,7.4354277,6.868553027064888
2019_09_MIN_KC,2019,9,KC,MIN,2019-11-03,-5.5,0.1425981,0.61573905,-1.2768247,1.730530044568918
2019_09_NYJ_MIA,2019,9,MIA,NYJ,2019-11-03,-3.5,-2.8503258,-2.3563364,-4.3322945,-2.7430288850040343
2019_09_CHI_PHI,2019,9,PHI,CHI,2019-11-03,5.0,6.2901826,6.397915,5.9669857,5.829841642465491
2019_09_IND_PIT,2019,9,PIT,IND,2019-11-03,1.0,1.3953284,1.0532162,2.421665,1.750808423491833
2019_09_DET_OAK,2019,9,OAK,DET,2019-11-03,2.5,-3.4288478,-4.265179,-0.919853,-3.295272309436593
2019_09_TB_SEA,2019,9,SEA,TB,2019-11-03,4.0,3.0976088,2.551504,4.735924,1.6223896742786936
2019_09_CLE_DEN,2019,9,DEN,CLE,2019-11-03,-4.0,-2.937159,-2.631209,-3.8550098,-0.7548262537532967
2019_09_GB_LAC,2019,9,LAC,GB,2019-11-03,-4.0,-2.375091,-1.5814605,-4.7559834,-2.219579095932307
2019_09_NE_BAL,2019,9,BAL,NE,2019-11-03,-3.0,-2.2425225,-2.1467714,-2.5297759,-2.280763625532117
2019_09_DAL_NYG,2019,9,NYG,DAL,2019-11-04,-6.5,-10.537342,-10.530956,-10.5564995,-9.416345380334908
2019_10_LAC_OAK,2019,10,OAK,LAC,2019-11-07,-1.0,-5.4017453,-5.6898227,-4.5375137,-3.3711262392835346
2019_10_DET_CHI,2019,10,CHI,DET,2019-11-10,6.0,5.606482,5.297357,6.5338573,5.075250592872915
2019_10_BAL_CIN,2019,10,CIN,BAL,2019-11-10,-10.5,-8.747661,-7.9701843,-11.08009,-5.730557679165815
2019_10_BUF_CLE,2019,10,CLE,BUF,2019-11-10,3.0,2.172765,2.7561104,0.42272866,1.5637726370057572
2019_10_ATL_NO,2019,10,NO,ATL,2019-11-10,14.0,10.333314,10.012753,11.294999,8.694995839636178
2019_10_NYG_NYJ,2019,10,NYJ,NYG,2019-11-10,-3.0,-8.140158,-8.4400215,-7.2405653,-2.6957200211160512
2019_10_ARI_TB,2019,10,TB,ARI,2019-11-10,5.5,4.1986294,3.8955734,5.1077986,3.3542405954326173
2019_10_KC_TEN,2019,10,TEN,KC,2019-11-10,-5.0,-9.137084,-9.505157,-8.032864,-8.44983027958962
2019_10_MIA_IND,2019,10,IND,MIA,2019-11-10,11.0,11.777252,12.4235115,9.838472,12.007602512082984
2019_10_CAR_GB,2019,10,GB,CAR,2019-11-10,5.0,6.851467,6.9020147,6.6998243,6.425626815380397
2019_10_LA_PIT,2019,10,PIT,LA,2019-11-10,-4.0,0.8138937,0.66655713,1.2559032,1.0943144072411075
2019_10_MIN_DAL,2019,10,DAL,MIN,2019-11-10,3.5,0.96996087,0.8313399,1.3858237,0.09069162111389462
2019_10_SEA_SF,2019,10,SF,SEA,2019-11-11,6.5,6.9422,6.7670393,7.467684,6.809731188042332
2019_11_PIT_CLE,2019,11,CLE,PIT,2019-11-14,3.0,-0.81513214,-1.3608171,0.8219228,-0.9583077126173012
2019_11_HOU_BAL,2019,11,BAL,HOU,2019-11-17,4.0,6.922659,6.7623935,7.403455,6.618920234990812
2019_11_ATL_CAR,2019,11,CAR,ATL,2019-11-17,3.5,4.675192,5.0824776,3.4533348,5.415141663658217
2019_11_DAL_DET,2019,11,DET,DAL,2019-11-17,-7.5,-6.7517138,-6.8700953,-6.3965683,-5.473083977776848
2019_11_JAX_IND,2019,11,IND,JAX,2019-11-17,2.5,0.22140622,0.7288863,-1.301034,0.5638332219327542
2019_11_BUF_MIA,2019,11,MIA,BUF,2019-11-17,-7.0,-10.821006,-9.787737,-13.920812,-9.985139153816403
2019_11_DEN_MIN,2019,11,MIN,DEN,2019-11-17,10.0,10.348251,10.09954,11.094387,9.838718979130826
2019_11_NO_TB,2019,11,TB,NO,2019-11-17,-5.0,-3.0090446,-2.9314137,-3.2419379,-0.8306522936206024
2019_11_NYJ_WAS,2019,11,WAS,NYJ,2019-11-17,1.0,0.521368,0.15521042,1.6198409,0.654010043353718
2019_11_ARI_SF,2019,11,SF,ARI,2019-11-17,10.0,10.493673,10.417519,10.722138,10.328688213781406
2019_11_CIN_OAK,2019,11,OAK,CIN,2019-11-17,13.0,8.673099,7.9420643,10.866202,10.000103157699964
2019_11_NE_PHI,2019,11,PHI,NE,2019-11-17,-4.5,1.4814881,2.2114356,-0.7083545,2.5514604237115246
2019_11_CHI_LA,2019,11,LA,CHI,2019-11-17,5.0,11.536766,12.191029,9.5739765,8.763811801838346
2019_11_KC_LAC,2019,11,LAC,KC,2019-11-18,-5.5,-7.343371,-7.414872,-7.128866,-6.663836662988842
2019_12_IND_HOU,2019,12,HOU,IND,2019-11-21,3.5,6.114955,6.474699,5.035722,7.542928886429191
2019_12_TB_ATL,2019,12,ATL,TB,2019-11-24,3.5,-0.51454985,-1.0015398,0.9464201,-0.6991107012757524
2019_12_DEN_BUF,2019,12,BUF,DEN,2019-11-24,3.5,5.177228,5.676621,3.6790478,3.8473953886130117
2019_12_NYG_CHI,2019,12,CHI,NYG,2019-11-24,6.0,4.785953,5.218558,3.4881384,5.129612625427554
2019_12_PIT_CIN,2019,12,CIN,PIT,2019-11-24,-5.5,-8.352191,-8.509707,-7.8796425,-6.594720984828115
2019_12_MIA_CLE,2019,12,CLE,MIA,2019-11-24,11.0,9.628541,9.679896,9.474477,10.604391283746832
2019_12_CAR_NO,2019,12,NO,CAR,2019-11-24,10.0,3.747745,3.9169755,3.2400534,5.473263351872655
2019_12_OAK_NYJ,2019,12,NYJ,OAK,2019-11-24,-3.5,2.784072,3.2792213,1.2986236,2.2785570914123983
2019_12_SEA_PHI,2019,12,PHI,SEA,2019-11-24,-1.0,-1.2230661,-0.92261475,-2.12442,-0.6915022393479525
2019_12_DET_WAS,2019,12,WAS,DET,2019-11-24,-4.0,-6.060709,-6.842787,-3.7144754,-2.2496075197737158
2019_12_JAX_TEN,2019,12,TEN,JAX,2019-11-24,4.5,0.7230607,1.307712,-1.0308928,1.6786225192212822
2019_12_DAL_NE,2019,12,NE,DAL,2019-11-24,5.5,-0.39300853,-0.586827,0.18844676,-3.206703591126426
2019_12_GB_SF,2019,12,SF,GB,2019-11-24,3.0,4.8145223,5.21287,3.6194785,4.310308210676961
2019_12_BAL_LA,2019,12,LA,BAL,2019-11-25,-3.5,-0.39942104,-0.64850694,0.34783673,0.27016473152861054
2019_13_CHI_DET,2019,13,DET,CHI,2019-11-28,-5.5,-1.4747995,-0.74285454,-3.6706345,-0.2897523212888947
2019_13_BUF_DAL,2019,13,DAL,BUF,2019-11-28,6.5,4.278504,4.631301,3.2201133,5.458601245945826
2019_13_NO_ATL,2019,13,ATL,NO,2019-11-28,-7.0,-10.774932,-11.496644,-8.609796,-9.533606102641881
2019_13_SF_BAL,2019,13,BAL,SF,2019-12-01,5.5,4.6373096,4.3388333,5.5327377,5.013241296018722
2019_13_WAS_CAR,2019,13,CAR,WAS,2019-12-01,10.5,7.079483,6.556983,8.646985,7.601798171723012
2019_13_NYJ_CIN,2019,13,CIN,NYJ,2019-12-01,-2.5,-4.807194,-4.515972,-5.6808605,-3.6277125424668624
2019_13_TEN_IND,2019,13,IND,TEN,2019-12-01,-1.0,-0.42143053,-0.2336746,-0.9846983,-0.8263382412695371
2019_13_TB_JAX,2019,13,JAX,TB,2019-12-01,-3.0,-1.634326,-1.8912075,-0.86368203,-1.1603605002761543
2019_13_PHI_MIA,2019,13,MIA,PHI,2019-12-01,-10.5,-9.479777,-7.9804225,-13.977843,-4.9607803533459665
2019_13_GB_NYG,2019,13,NYG,GB,2019-12-01,-6.5,-8.335479,-7.59647,-10.5525055,-7.0576254278790636
2019_13_CLE_PIT,2019,13,PIT,CLE,2019-12-01,-1.0,1.5682329,1.834243,0.77020204,2.096217412573585
2019_13_LA_ARI,2019,13,ARI,LA,2019-12-01,-2.5,-3.6955762,-3.6137311,-3.9411113,-2.7910147148601796
2019_13_LAC_DEN,2019,13,DEN,LAC,2019-12-01,-4.5,-3.0841048,-3.0477614,-3.193135,-0.1667629176923019
2019_13_OAK_KC,2019,13,KC,OAK,2019-12-01,11.5,14.015559,13.533118,15.462882,10.891187251070734
2019_13_NE_HOU,2019,13,HOU,NE,2019-12-01,-3.5,-0.5827714,0.24500915,-3.0661132,-0.7704324270829965
2019_13_MIN_SEA,2019,13,SEA,MIN,2019-12-02,2.5,-5.1126165,-5.674994,-3.4254844,-5.0997712945965645
2019_14_DAL_CHI,2019,14,CHI,DAL,2019-12-05,-3.0,-3.6964352,-3.6358473,-3.8781984,-2.9294940021525857
2019_14_CAR_ATL,2019,14,ATL,CAR,2019-12-08,3.5,2.372312,2.485938,2.0314336,3.431607776713083
2019_14_BAL_BUF,2019,14,BUF,BAL,2019-12-08,-6.5,-1.0765069,-1.1562736,-0.8372066,1.3125876005312727
2019_14_CIN_CLE,2019,14,CLE,CIN,2019-12-08,6.5,5.9391685,6.4726048,4.33886,7.781213901755305
2019_14_WAS_GB,2019,14,GB,WAS,2019-12-08,13.0,9.360926,8.549214,11.796061,9.451864201457466
2019_14_DEN_HOU,2019,14,HOU,DEN,2019-12-08,8.0,7.1400414,7.232778,6.8618317,5.484421204339886
2019_14_DET_MIN,2019,14,MIN,DET,2019-12-08,12.0,12.878269,13.009563,12.484386,11.790616813339504
2019_14_SF_NO,2019,14,NO,SF,2019-12-08,1.0,6.1767797,5.6532364,7.747411,5.626505221260036
2019_14_MIA_NYJ,2019,14,NYJ,MIA,2019-12-08,5.0,6.481797,6.4619784,6.541253,7.02280806342331
2019_14_IND_TB,2019,14,TB,IND,2019-12-08,3.0,4.751411,4.499741,5.5064206,3.490690328978762
2019_14_LAC_JAX,2019,14,JAX,LAC,2019-12-08,-3.5,-2.8924341,-3.3787262,-1.4335573,-2.291129851600287
2019_14_PIT_ARI,2019,14,ARI,PIT,2019-12-08,-2.5,-5.128772,-5.383716,-4.3639383,-3.575919192547378
2019_14_KC_NE,2019,14,NE,KC,2019-12-08,3.0,2.8709126,2.553575,3.8229249,2.9202790563557093
2019_14_TEN_OAK,2019,14,OAK,TEN,2019-12-08,-3.0,-4.6006184,-5.5393434,-1.7844427,-4.365896081312906
2019_14_SEA_LA,2019,14,LA,SEA,2019-12-08,1.0,6.3662076,5.6508584,8.512255,7.094300865056712
2019_14_NYG_PHI,2019,14,PHI,NYG,2019-12-09,9.5,9.188437,9.136168,9.345248,9.070337033570189
2019_15_NYJ_BAL,2019,15,BAL,NYJ,2019-12-12,17.0,14.914098,13.320849,19.693844,9.772540723777198
2019_15_SEA_CAR,2019,15,CAR,SEA,2019-12-15,-6.0,-5.229733,-5.461523,-4.534363,-4.795464656446159
2019_15_NE_CIN,2019,15,CIN,NE,2019-12-15,-10.5,-3.6487715,-1.9131377,-8.855673,-1.2383096314149251
2019_15_TB_DET,2019,15,DET,TB,2019-12-15,-5.5,-4.396307,-4.01972,-5.5260687,-2.5675723723902197
2019_15_CHI_GB,2019,15,GB,CHI,2019-12-15,4.0,6.002446,5.6638927,7.0181065,4.049403787572218
2019_15_DEN_KC,2019,15,KC,DEN,2019-12-15,10.0,8.830752,8.687437,9.260697,7.759738816890023
2019_15_MIA_NYG,2019,15,NYG,MIA,2019-12-15,3.5,4.222832,4.4539986,3.5293336,5.138215778530654
2019_15_HOU_TEN,2019,15,TEN,HOU,2019-12-15,3.0,3.131581,3.5381243,1.9119511,3.613546159176957
2019_15_PHI_WAS,2019,15,WAS,PHI,2019-12-15,-7.0,-4.600937,-4.648393,-4.4585676,-2.413351878402155
2019_15_CLE_ARI,2019,15,ARI,CLE,2019-12-15,-3.0,-0.011568442,-0.23435777,0.65679955,0.08059004005661569
2019_15_MIN_LAC,2019,15,LAC,MIN,2019-12-15,-1.0,-4.5718355,-4.4656186,-4.8904867,-1.589201072188826
2019_15_JAX_OAK,2019,15,OAK,JAX,2019-12-15,7.0,2.5909102,3.496453,-0.12571836,4.035275827707243
2019_15_LA_DAL,2019,15,DAL,LA,2019-12-15,-1.0,6.7788334,7.5969224,4.324565,6.22808471499746
2019_15_ATL_SF,2019,15,SF,ATL,2019-12-15,10.5,8.2457485,8.072233,8.766294,9.726468174554826
2019_15_BUF_PIT,2019,15,PIT,BUF,2019-12-15,1.0,0.4882881,0.1943244,1.3701792,1.4395027696488198
2019_15_IND_NO,2019,15,NO,IND,2019-12-16,8.0,11.610983,11.441135,12.120525,10.094611268116331
2019_16_HOU_TB,2019,16,TB,HOU,2019-12-21,-3.0,-2.0701509,-1.6903421,-3.2095768,-0.7593029003540318
2019_16_BUF_NE,2019,16,NE,BUF,2019-12-21,7.0,11.114717,10.512156,12.9223995,7.923547129063642
2019_16_LA_SF,2019,16,SF,LA,2019-12-21,7.0,1.4572885,2.0666046,-0.37065983,3.2061622751392282
2019_16_JAX_ATL,2019,16,ATL,JAX,2019-12-22,7.5,5.760639,6.511148,3.509113,8.538798931158517
2019_16_BAL_CLE,2019,16,CLE,BAL,2019-12-22,-9.5,-8.896061,-7.507523,-13.061673,-6.438154579541295
2019_16_CAR_IND,2019,16,IND,CAR,2019-12-22,7.5,6.7034526,7.3765297,4.6842217,10.130555782507697
2019_16_CIN_MIA,2019,16,MIA,CIN,2019-12-22,-1.5,-4.4348984,-4.420618,-4.4777403,-3.0942802762592536
2019_16_PIT_NYJ,2019,16,NYJ,PIT,2019-12-22,-3.0,-1.1250157,0.026541632,-4.579688,-0.8630603411229278
2019_16_NO_TEN,2019,16,TEN,NO,2019-12-22,-3.5,-1.9512781,-1.2810748,-3.961888,-2.061439605542656
2019_16_NYG_WAS,2019,16,WAS,NYG,2019-12-22,-1.0,0.8772255,0.65045094,1.5575492,1.8839814476748966
2019_16_DET_DEN,2019,16,DEN,DET,2019-12-22,9.5,10.535245,10.137783,11.72763,9.435855755441413
2019_16_OAK_LAC,2019,16,LAC,OAK,2019-12-22,7.5,10.068941,10.426123,8.997397,9.319738164837243
2019_16_DAL_PHI,2019,16,PHI,DAL,2019-12-22,-2.0,-1.0196114,-0.68560946,-2.0216167,-2.2254373838480603
2019_16_ARI_SEA,2019,16,SEA,ARI,2019-12-22,8.0,10.22855,11.002693,7.9061184,10.931842225906127
2019_16_KC_CHI,2019,16,CHI,KC,2019-12-22,-6.5,-8.521381,-8.913388,-7.3453617,-7.41805535232578
2019_16_GB_MIN,2019,16,MIN,GB,2019-12-23,4.0,3.7836046,3.9405966,3.312629,3.0233222070491688
2019_17_NYJ_BUF,2019,17,BUF,NYJ,2019-12-29,-1.5,5.9082937,6.5113716,4.0990605,5.91373312326846
2019_17_NO_CAR,2019,17,CAR,NO,2019-12-29,-13.5,-10.181525,-9.33959,-12.707331,-7.610892783633354
2019_17_CLE_CIN,2019,17,CIN,CLE,2019-12-29,-2.5,-4.241431,-3.5667048,-6.2656107,-2.75360056905804
2019_17_GB_DET,2019,17,DET,GB,2019-12-29,-13.5,-11.525423,-10.061798,-15.916297,-9.633395360679309
2019_17_LAC_KC,2019,17,KC,LAC,2019-12-29,10.0,12.07882,11.944609,12.481458,9.966352698400913
2019_17_CHI_MIN,2019,17,MIN,CHI,2019-12-29,-5.5,1.0016141,1.3425326,-0.021141768,1.5493456072327474
2019_17_MIA_NE,2019,17,NE,MIA,2019-12-29,17.5,14.188711,12.468153,19.350388,10.933138902816799
2019_17_ATL_TB,2019,17,TB,ATL,2019-12-29,1.0,0.6726748,0.8429575,0.16182661,0.9129427877993739
2019_17_PIT_BAL,2019,17,BAL,PIT,2019-12-29,-2.0,1.8404889,3.32564,-2.6149647,1.49374978828191
2019_17_WAS_DAL,2019,17,DAL,WAS,2019-12-29,13.0,5.4708357,4.8316174,7.3884916,5.839186883022871
2019_17_OAK_DEN,2019,17,DEN,OAK,2019-12-29,5.5,7.1435347,6.6471386,8.632722,4.954154655665627
2019_17_TEN_HOU,2019,17,HOU,TEN,2019-12-29,-10.0,-10.449709,-10.47795,-10.364986,-9.842217573558408
2019_17_IND_JAX,2019,17,JAX,IND,2019-12-29,-5.0,-6.038142,-6.770677,-3.8405373,-3.929594486475635
2019_17_ARI_LA,2019,17,LA,ARI,2019-12-29,7.0,12.377882,12.822043,11.045401,12.610991196648287
2019_17_PHI_NYG,2019,17,NYG,PHI,2019-12-29,-4.0,-5.2333674,-5.0592113,-5.7558365,-3.9409915700886793
2019_17_SF_SEA,2019,17,SEA,SF,2019-12-29,-3.5,-0.5982357,-0.37934223,-1.2549162,-1.6764569221381749
2019_18_BUF_HOU,2019,18,HOU,BUF,2020-01-04,2.5,0.1284491,-0.14766628,0.9567952,0.44880375539042316
2019_18_TEN_NE,2019,18,NE,TEN,2020-01-04,4.5,10.301863,9.707434,12.085151,7.739538108418403
2019_18_MIN_NO,2019,18,NO,MIN,2020-01-05,7.5,8.747049,8.882535,8.34059,9.049264864787824
2019_18_SEA_PHI,2019,18,PHI,SEA,2020-01-05,1.0,-0.582116,-0.3261501,-1.3500137,0.41088766149183664
2019_19_MIN_SF,2019,19,SF,MIN,2020-01-11,7.0,5.3998666,4.66675,7.5992165,4.673493681535451
2019_19_TEN_BAL,2019,19,BAL,TEN,2020-01-11,10.0,8.031105,7.119373,10.766303,6.468065176525802
2019_19_HOU_KC,2019,19,KC,HOU,2020-01-12,10.0,8.379268,8.517124,7.965699,7.995127233572286
2019_19_SEA_GB,2019,19,GB,SEA,2020-01-12,4.5,4.9691563,5.4053445,3.660591,4.71754462354743
2019_20_TEN_KC,2019,20,KC,TEN,2020-01-19,7.5,9.557883,9.657332,9.259537,6.380598910015869
2019_20_GB_SF,2019,20,SF,GB,2020-01-19,8.0,7.195656,6.6970525,8.691466,8.87668774095153
2019_21_SF_KC,2019,21,KC,SF,2020-02-02,1.5,4.261778,4.1034603,4.7367306,3.5271289810576865
2020_01_HOU_KC,2020,1,KC,HOU,2020-09-10,9.5,9.586403,9.500806,9.843195,9.924004781272227
2020_01_SEA_ATL,2020,1,ATL,SEA,2020-09-13,1.0,-2.3909502,-2.8067427,-1.1435726,-2.097893708819651
2020_01_CLE_BAL,2020,1,BAL,CLE,2020-09-13,7.0,5.5499673,6.097741,3.9066453,5.5655001003951385
2020_01_NYJ_BUF,2020,1,BUF,NYJ,2020-09-13,6.5,8.936393,9.321315,7.781628,10.279324145429387
2020_01_LV_CAR,2020,1,CAR,LV,2020-09-13,-3.0,-3.0728517,-2.3754828,-5.164958,-1.999444466991734
2020_01_CHI_DET,2020,1,DET,CHI,2020-09-13,2.5,-1.5216687,-1.4714938,-1.6721928,-1.5209046611142014
2020_01_IND_JAX,2020,1,JAX,IND,2020-09-13,-7.0,-7.236585,-7.330969,-6.9534345,-7.3357200339251065
2020_01_GB_MIN,2020,1,MIN,GB,2020-09-13,1.0,-6.7599277,-7.078725,-5.8035345,-7.392596718242538
2020_01_MIA_NE,2020,1,NE,MIA,2020-09-13,7.5,7.2738614,7.0734057,7.8752284,7.7625704384717755
2020_01_PHI_WAS,2020,1,WAS,PHI,2020-09-13,-5.5,-3.9282846,-4.415134,-2.4677377,-1.7692730961929075
2020_01_LAC_CIN,2020,1,CIN,LAC,2020-09-13,-2.5,-3.0279012,-2.3154194,-5.1653457,-0.693140994953989
2020_01_TB_NO,2020,1,NO,TB,2020-09-13,4.0,5.9980135,6.5486736,4.346033,6.314917427262122
2020_01_ARI_SF,2020,1,SF,ARI,2020-09-13,7.0,8.862563,8.931316,8.656303,10.500672749177141
2020_01_DAL_LA,2020,1,LA,DAL,2020-09-13,1.0,2.9218566,2.3153768,4.7412963,4.015477092922737
2020_01_PIT_NYG,2020,1,NYG,PIT,2020-09-14,-6.0,-6.4323993,-5.5302925,-9.13872,-4.9383228116125135
2020_01_TEN_DEN,2020,1,DEN,TEN,2020-09-14,-3.0,1.9260923,1.5636537,3.0134082,1.111610167062154
2020_02_CIN_CLE,2020,2,CLE,CIN,2020-09-17,6.0,4.89455,4.4142075,6.3355765,3.5024943327959464
2020_02_NYG_CHI,2020,2,CHI,NYG,2020-09-20,4.5,3.881143,3.7939014,4.1428685,4.394269082596569
2020_02_ATL_DAL,2020,2,DAL,ATL,2020-09-20,3.0,1.1900132,0.9815929,1.8152742,0.9493725381534355
2020_02_DET_GB,2020,2,GB,DET,2020-09-20,7.0,9.404664,9.051323,10.464687,10.514955461116307
2020_02_MIN_IND,2020,2,IND,MIN,2020-09-20,3.5,1.3774443,0.9741323,2.58738,3.069430501390584
2020_02_BUF_MIA,2020,2,MIA,BUF,2020-09-20,-5.5,-6.427276,-6.266963,-6.908216,-5.153974890489814
2020_02_SF_NYJ,2020,2,NYJ,SF,2020-09-20,-7.0,-9.929802,-10.511258,-8.185434,-8.66355789421448
2020_02_LA_PHI,2020,2,PHI,LA,2020-09-20,2.0,4.6281266,4.4939775,5.030574,5.82082756214819
2020_02_DEN_PIT,2020,2,PIT,DEN,2020-09-20,6.0,4.8317184,4.607934,5.503071,5.271202073834044
2020_02_CAR_TB,2020,2,TB,CAR,2020-09-20,7.5,10.157562,10.70711,8.50892,9.555541055090725
2020_02_JAX_TEN,2020,2,TEN,JAX,2020-09-20,7.0,8.679714,8.923989,7.946889,11.823453855861302
2020_02_WAS_ARI,2020,2,ARI,WAS,2020-09-20,7.5,5.198693,5.8551974,3.229179,4.920567796484862
2020_02_BAL_HOU,2020,2,HOU,BAL,2020-09-20,-7.5,-9.456955,-10.760261,-5.54704,-7.431901103877956
2020_02_KC_LAC,2020,2,LAC,KC,2020-09-20,-8.5,-9.674712,-9.857656,-9.125881,-8.073484875154897
2020_02_NE_SEA,2020,2,SEA,NE,2020-09-20,4.0,6.2917337,6.161423,6.682666,6.6782143754966885
2020_02_NO_LV,2020,2,LV,NO,2020-09-21,-4.0,-6.88117,-7.692031,-4.448588,-3.333829373010195
2020_03_MIA_JAX,2020,3,JAX,MIA,2020-09-24,3.0,3.1775475,3.2257645,3.0328958,0.7127823697137633
2020_03_CHI_ATL,2020,3,ATL,CHI,2020-09-27,2.5,0.9514228,1.1258938,0.42800987,0.1814332559270095
2020_03_LA_BUF,2020,3,BUF,LA,2020-09-27,1.5,-1.4804757,-1.9230797,-0.15266299,-2.4884986298702514
2020_03_WAS_CLE,2020,3,CLE,WAS,2020-09-27,7.5,2.084819,1.7845982,2.9854817,0.33838148746663227
2020_03_TEN_MIN,2020,3,MIN,TEN,2020-09-27,-3.0,-4.159373,-4.0661793,-4.4389534,-1.9687857692475716
2020_03_LV_NE,2020,3,NE,LV,2020-09-27,7.0,6.654607,6.3183713,7.6633134,7.763187022468744
2020_03_SF_NYG,2020,3,NYG,SF,2020-09-27,-3.0,-5.800363,-6.025726,-5.1242747,-4.48308020405427
2020_03_CIN_PHI,2020,3,PHI,CIN,2020-09-27,5.5,4.4612966,4.7001677,3.7446826,3.4119651147360774
2020_03_HOU_PIT,2020,3,PIT,HOU,2020-09-27,4.0,2.6368897,2.9534183,1.6873044,3.903478625413942
2020_03_NYJ_IND,2020,3,IND,NYJ,2020-09-27,12.5,14.581898,14.467603,14.924784,12.158840268554412
2020_03_CAR_LAC,2020,3,LAC,CAR,2020-09-27,6.0,3.4668398,3.591949,3.0915132,3.4286822373938213
2020_03_DET_ARI,2020,3,ARI,DET,2020-09-27,4.5,3.6775389,3.4749866,4.285196,3.507168004871081
2020_03_TB_DEN,2020,3,DEN,TB,2020-09-27,-6.0,-7.3917146,-8.0095625,-5.5381713,-5.682669932088248
2020_03_DAL_SEA,2020,3,SEA,DAL,2020-09-27,5.5,7.7903824,7.106494,9.842049,7.974067266364834
2020_03_GB_NO,2020,3,NO,GB,2020-09-27,3.5,3.3103564,3.493655,2.7604606,5.112566866128937
2020_03_KC_BAL,2020,3,BAL,KC,2020-09-28,3.5,-3.3783803,-3.5082717,-2.988707,-2.3255336737869987
2020_04_DEN_NYJ,2020,4,NYJ,DEN,2020-10-01,1.0,-2.9553108,-2.7903636,-3.450152,-5.6023663189317805
2020_04_ARI_CAR,2020,4,CAR,ARI,2020-10-04,-3.0,0.3107984,0.81710994,-1.2081361,2.8024501700430626
2020_04_JAX_CIN,2020,4,CIN,JAX,2020-10-04,1.0,-0.78351045,-0.8299323,-0.6442449,1.0695450204247374
2020_04_CLE_DAL,2020,4,DAL,CLE,2020-10-04,3.5,2.4045389,2.2079628,2.9942675,3.675807433365906
2020_04_NO_DET,2020,4,DET,NO,2020-10-04,-3.0,-6.898462,-7.7487526,-4.34759,-5.2102743140287755
2020_04_MIN_HOU,2020,4,HOU,MIN,2020-10-04,3.5,0.463973,-0.08228765,2.1027548,0.7824759847107677
2020_04_SEA_MIA,2020,4,MIA,SEA,2020-10-04,-4.5,-6.028697,-6.386671,-4.9547753,-5.146816768696556
2020_04_LAC_TB,2020,4,TB,LAC,2020-10-04,7.5,11.722314,11.91294,11.150436,10.105737470135859
2020_04_BAL_WAS,2020,4,WAS,BAL,2020-10-04,-14.5,-11.238028,-10.966944,-12.051275,-4.2362280980222655
2020_04_NYG_LA,2020,4,LA,NYG,2020-10-04,13.5,14.36595,13.923891,15.6921215,14.608111515626168
2020_04_IND_CHI,2020,4,CHI,IND,2020-10-04,-3.5,-3.535174,-3.5288298,-3.554206,-4.046319229026181
2020_04_BUF_LV,2020,4,LV,BUF,2020-10-04,-3.0,-2.4408703,-2.017854,-3.7099195,-1.4084891955410526
2020_04_PHI_SF,2020,4,SF,PHI,2020-10-04,8.5,5.688263,5.581674,6.00803,4.281183819009004
2020_04_NE_KC,2020,4,KC,NE,2020-10-05,7.0,11.604219,12.197272,9.825064,10.615722722602518
2020_04_ATL_GB,2020,4,GB,ATL,2020-10-05,5.0,9.288991,9.2305975,9.464172,7.050409775988229
2020_05_TB_CHI,2020,5,CHI,TB,2020-10-08,-3.5,-6.3765163,-7.183427,-3.9557843,-6.740481912051316
2020_05_CAR_ATL,2020,5,ATL,CAR,2020-10-11,2.5,-1.9816501,-2.0473616,-1.7845156,-2.172239335586454
2020_05_CIN_BAL,2020,5,BAL,CIN,2020-10-11,12.5,9.580029,9.670782,9.30777,9.673134198509192
2020_05_JAX_HOU,2020,5,HOU,JAX,2020-10-11,6.5,3.6128154,3.7347803,3.24692,4.424368104715096
2020_05_LV_KC,2020,5,KC,LV,2020-10-11,11.0,11.721714,11.770292,11.575983,14.325214593950346
2020_05_ARI_NYJ,2020,5,NYJ,ARI,2020-10-11,-7.0,-8.082199,-7.7159333,-9.180994,-7.365268881346828
2020_05_PHI_PIT,2020,5,PIT,PHI,2020-10-11,7.5,7.448414,7.4205456,7.5320196,7.641139637144648
2020_05_LA_WAS,2020,5,WAS,LA,2020-10-11,-7.0,-8.528036,-8.812263,-7.6753592,-7.955269437828509
2020_05_MIA_SF,2020,5,SF,MIA,2020-10-11,8.5,5.2504115,5.340611,4.9798126,4.929681536852828
2020_05_IND_CLE,2020,5,CLE,IND,2020-10-11,1.0,3.5525682,4.146133,1.7718741,4.886626969976127
2020_05_NYG_DAL,2020,5,DAL,NYG,2020-10-11,7.5,5.595212,5.273886,6.559189,6.618507432112372
2020_05_MIN_SEA,2020,5,SEA,MIN,2020-10-11,6.5,5.0757866,4.860052,5.72299,5.869559866567137
2020_05_LAC_NO,2020,5,NO,LAC,2020-10-12,7.0,8.594015,9.257197,6.6044683,10.89844069451513
2020_05_BUF_TEN,2020,5,TEN,BUF,2020-10-13,-3.0,4.0173893,4.401097,2.866266,5.978934712284324
2020_06_CHI_CAR,2020,6,CAR,CHI,2020-10-18,2.0,-0.9129106,-0.5891527,-1.8841841,0.5380956817800979
2020_06_CIN_IND,2020,6,IND,CIN,2020-10-18,7.5,6.104245,6.8661075,3.8186588,6.817494109755233
2020_06_DET_JAX,2020,6,JAX,DET,2020-10-18,-3.0,-5.5174093,-5.3620806,-5.983395,-4.52986632871863
2020_06_ATL_MIN,2020,6,MIN,ATL,2020-10-18,3.5,5.234396,5.8019867,3.5316238,5.569143053594196
2020_06_DEN_NE,2020,6,NE,DEN,2020-10-18,7.0,10.100668,10.784363,8.049585,8.903242420249738
2020_06_WAS_NYG,2020,6,NYG,WAS,2020-10-18,2.0,-1.1294403,-0.7691292,-2.2103739,-3.2650226262811426
2020_06_BAL_PHI,2020,6,PHI,BAL,2020-10-18,-10.5,-9.817158,-10.341029,-8.245543,-6.46850846179693
2020_06_CLE_PIT,2020,6,PIT,CLE,2020-10-18,3.0,6.6616163,6.076745,8.416229,4.0639868376377795
2020_06_HOU_TEN,2020,6,TEN,HOU,2020-10-18,4.0,3.7465172,4.129615,2.5972245,4.357012426398375
2020_06_NYJ_MIA,2020,6,MIA,NYJ,2020-10-18,9.5,5.3632517,4.6129956,7.614019,3.0865703338236252
2020_06_GB_TB,2020,6,TB,GB,2020-10-18,-3.0,3.9499667,5.2208242,0.13739431,4.318503291291654
2020_06_LA_SF,2020,6,SF,LA,2020-10-18,-2.0,-1.6350957,-1.4475507,-2.197731,-0.8104714632447568
2020_06_KC_BUF,2020,6,BUF,KC,2020-10-19,-5.5,0.9659573,0.3903481,2.6927848,2.7121375237029435
2020_06_ARI_DAL,2020,6,DAL,ARI,2020-10-19,1.0,0.27405408,0.4904385,-0.37509918,-0.09151774466760455
2020_07_NYG_PHI,2020,7,PHI,NYG,2020-10-22,5.0,5.3595386,5.017859,6.3845763,4.753162519335304
2020_07_DET_ATL,2020,7,ATL,DET,2020-10-25,1.0,-0.86668265,-0.33610758,-2.4584079,-0.6150234122380669
2020_07_CLE_CIN,2020,7,CIN,CLE,2020-10-25,-4.5,-9.845987,-10.084711,-9.129818,-9.227918957578636
2020_07_GB_HOU,2020,7,HOU,GB,2020-10-25,-2.5,-8.249653,-7.7913823,-9.624466,-6.984580612683525
2020_07_CAR_NO,2020,7,NO,CAR,2020-10-25,7.0,7.7336245,7.6973057,7.842581,8.738243313901345
2020_07_BUF_NYJ,2020,7,NYJ,BUF,2020-10-25,-9.5,-8.9995365,-8.208608,-11.372324,-8.051641763663858
2020_07_PIT_TEN,2020,7,TEN,PIT,2020-10-25,1.0,-0.40378287,0.39831713,-2.810083,-0.1197610366550553
2020_07_DAL_WAS,2020,7,WAS,DAL,2020-10-25,-1.0,-3.1692595,-3.1696453,-3.1681018,-3.0389868498923196
2020_07_TB_LV,2020,7,LV,TB,2020-10-25,-3.5,-4.412262,-3.8712401,-6.0353274,-2.0353089180058834
2020_07_KC_DEN,2020,7,DEN,KC,2020-10-25,-7.0,-10.743108,-12.0914135,-6.698193,-9.516301163089159
2020_07_JAX_LAC,2020,7,LAC,JAX,2020-10-25,8.0,7.425628,8.215597,5.0557213,7.934799808987843
2020_07_SF_NE,2020,7,NE,SF,2020-10-25,3.0,5.331517,5.684314,4.273129,2.7643088188850857
2020_07_SEA_ARI,2020,7,ARI,SEA,2020-10-25,-3.5,3.0785868,3.4070828,2.0930989,1.7501103027856724
2020_07_CHI_LA,2020,7,LA,CHI,2020-10-26,6.5,9.269023,9.800434,7.6747904,10.643616518475167
2020_08_ATL_CAR,2020,8,CAR,ATL,2020-10-29,1.5,-0.42514434,-0.78878415,0.6657752,-3.143941282617241
2020_08_PIT_BAL,2020,8,BAL,PIT,2020-11-01,4.0,2.8949323,2.6379478,3.6658864,3.374520384757882
2020_08_NE_BUF,2020,8,BUF,NE,2020-11-01,4.0,5.8052773,5.807683,5.79806,5.3869460446720305
2020_08_TEN_CIN,2020,8,CIN,TEN,2020-11-01,-7.5,-6.841383,-7.182988,-5.816566,-3.41667872553584
2020_08_LV_CLE,2020,8,CLE,LV,2020-11-01,1.0,6.258587,7.00036,4.0332685,6.668153540157732
2020_08_IND_DET,2020,8,DET,IND,2020-11-01,-3.5,-3.2486281,-3.3687122,-2.8883758,-2.4112910759030965
2020_08_MIN_GB,2020,8,GB,MIN,2020-11-01,5.5,6.2991886,5.9583087,7.3218284,6.507379380308462
2020_08_NYJ_KC,2020,8,KC,NYJ,2020-11-01,20.0,17.418472,15.827298,22.191998,13.574534138464161
2020_08_LA_MIA,2020,8,MIA,LA,2020-11-01,-3.5,-2.5253854,-1.533499,-5.501044,-1.1389387300972689
2020_08_LAC_DEN,2020,8,DEN,LAC,2020-11-01,-3.0,-2.0586371,-1.9113663,-2.5004492,-1.523173643923369
2020_08_NO_CHI,2020,8,CHI,NO,2020-11-01,-5.5,-6.3918333,-6.5244274,-5.9940505,-4.669031065248819
2020_08_SF_SEA,2020,8,SEA,SF,2020-11-01,1.0,2.0447726,2.455364,0.8129983,2.676483927467814
2020_08_DAL_PHI,2020,8,PHI,DAL,2020-11-01,10.0,9.137805,8.932968,9.7523155,10.556888598831842
2020_08_TB_NYG,2020,8,NYG,TB,2020-11-02,-13.0,-12.793434,-12.331959,-14.17786,-9.271116060246294
2020_09_GB_SF,2020,9,SF,GB,2020-11-05,-6.0,-6.4826903,-6.4909964,-6.4577737,-4.7681878300216995
2020_09_DEN_ATL,2020,9,ATL,DEN,2020-11-08,4.5,2.4327,2.995606,0.7439817,1.9177198850427086
2020_09_SEA_BUF,2020,9,BUF,SEA,2020-11-08,-3.0,0.9895899,0.72036755,1.7972571,1.153492495790021
2020_09_BAL_IND,2020,9,IND,BAL,2020-11-08,1.0,4.0254416,4.1204576,3.7403932,4.6834608725370215
2020_09_HOU_JAX,2020,9,JAX,HOU,2020-11-08,-7.0,-12.050983,-12.119061,-11.846746,-9.857340019486914
2020_09_CAR_KC,2020,9,KC,CAR,2020-11-08,10.0,8.396643,8.178236,9.051863,8.860927610996802
2020_09_DET_MIN,2020,9,MIN,DET,2020-11-08,3.0,2.7054138,2.5781784,3.0871205,3.045387513755867
2020_09_CHI_TEN,2020,9,TEN,CHI,2020-11-08,6.5,6.982701,7.2591133,6.153463,6.748723420400342
2020_09_NYG_WAS,2020,9,WAS,NYG,2020-11-08,3.0,2.8741012,2.8608963,2.913715,1.5369022430575408
2020_09_LV_LAC,2020,9,LAC,LV,2020-11-08,-1.0,-1.4633123,-1.0150428,-2.8081207,0.8295751318185035
2020_09_MIA_ARI,2020,9,ARI,MIA,2020-11-08,6.0,6.0395823,6.0627375,5.9701166,5.237073700483355
2020_09_PIT_DAL,2020,9,DAL,PIT,2020-11-08,-14.0,-13.355955,-12.48679,-15.963451,-11.88755495699649
2020_09_NO_TB,2020,9,TB,NO,2020-11-08,3.0,1.6501911,1.2236892,2.9296966,2.22436831477018
2020_09_NE_NYJ,2020,9,NYJ,NE,2020-11-09,-9.5,-11.475322,-11.037814,-12.787846,-10.83543620081288
2020_10_IND_TEN,2020,10,TEN,IND,2020-11-12,-1.0,2.2695894,2.6610389,1.0952406,2.4076852953996224
2020_10_TB_CAR,2020,10,CAR,TB,2020-11-15,-6.0,-6.6805015,-7.013848,-5.6804614,-5.289895781415297
2020_10_HOU_CLE,2020,10,CLE,HOU,2020-11-15,4.5,3.9139361,4.241567,2.9310436,4.912835953938654
2020_10_WAS_DET,2020,10,DET,WAS,2020-11-15,2.5,-0.16918541,0.29488403,-1.5613937,-1.6781358051544137
2020_10_JAX_GB,2020,10,GB,JAX,2020-11-15,13.5,12.712965,12.197684,14.25881,11.777307057928633
2020_10_PHI_NYG,2020,10,NYG,PHI,2020-11-15,-4.5,-4.6950626,-4.425185,-5.504696,-6.310478109040858
2020_10_BUF_ARI,2020,10,ARI,BUF,2020-11-15,3.0,-3.1966598,-2.934329,-3.983652,-2.5884686017956064
2020_10_DEN_LV,2020,10,LV,DEN,2020-11-15,3.5,7.5685353,7.552212,7.6175046,8.809425884290693
2020_10_LAC_MIA,2020,10,MIA,LAC,2020-11-15,1.0,2.7218485,2.5939207,3.1056316,2.5645755057543957
2020_10_SEA_LA,2020,10,LA,SEA,2020-11-15,3.0,3.2596297,3.0225692,3.9708123,4.04249144979271
2020_10_SF_NO,2020,10,NO,SF,2020-11-15,9.5,9.079395,8.825209,9.841953,8.131187761278223
2020_10_CIN_PIT,2020,10,PIT,CIN,2020-11-15,6.5,10.80446,10.335561,12.211155,8.122189231107873
2020_10_BAL_NE,2020,10,NE,BAL,2020-11-15,-7.0,-11.676177,-12.333535,-9.704102,-10.502644248560927
2020_10_MIN_CHI,2020,10,CHI,MIN,2020-11-16,-3.5,-3.6873727,-3.6116428,-3.9145617,-2.325585931194644
2020_11_ARI_SEA,2020,11,SEA,ARI,2020-11-19,3.0,4.042583,3.877681,4.5372887,4.009858065489954
2020_11_TEN_BAL,2020,11,BAL,TEN,2020-11-22,6.0,6.317406,5.624952,8.39477,5.296703457117595
2020_11_DET_CAR,2020,11,CAR,DET,2020-11-22,-3.0,-4.751657,-5.118428,-3.6513433,-4.2462950465463525
2020_11_PHI_CLE,2020,11,CLE,PHI,2020-11-22,2.5,1.8089358,1.5348275,2.6312604,2.1227867516761316
2020_11_NE_HOU,2020,11,HOU,NE,2020-11-22,-2.5,2.1295142,3.3234432,-1.4522719,3.2506836838673023
2020_11_PIT_JAX,2020,11,JAX,PIT,2020-11-22,-11.0,-12.465746,-12.396182,-12.674438,-10.234412359244981
2020_11_ATL_NO,2020,11,NO,ATL,2020-11-22,3.5,4.5547547,4.710288,4.0881553,4.632444599748558
2020_11_CIN_WAS,2020,11,WAS,CIN,2020-11-22,2.0,1.4499542,1.5173566,1.2477468,0.20728672546843951
2020_11_MIA_DEN,2020,11,DEN,MIA,2020-11-22,-4.0,3.8753004,4.325586,2.524444,3.828722474929433
2020_11_NYJ_LAC,2020,11,LAC,NYJ,2020-11-22,10.0,7.3129406,7.4330206,6.9527006,5.0889590355012615
2020_11_GB_IND,2020,11,IND,GB,2020-11-22,1.5,0.39963502,0.8358677,-0.9090631,0.46003770793539955
2020_11_DAL_MIN,2020,11,MIN,DAL,2020-11-22,7.0,5.509302,5.9435897,4.20644,5.227321261519994
2020_11_KC_LV,2020,11,LV,KC,2020-11-22,-7.5,-8.917918,-10.180675,-5.1296515,-7.014298307749645
2020_11_LA_TB,2020,11,TB,LA,2020-11-23,4.0,0.18749976,1.0314428,-2.3443294,2.4799405647888273
2020_12_HOU_DET,2020,12,DET,HOU,2020-11-26,-3.0,-5.8216753,-5.4218698,-7.021092,-5.036764069399577
2020_12_WAS_DAL,2020,12,DAL,WAS,2020-11-26,2.5,-0.12200245,-0.58563673,1.2689004,-0.19801718037596214
2020_12_LV_ATL,2020,12,ATL,LV,2020-11-29,-3.5,-2.7512703,-2.0651658,-4.8095837,-2.6940816245948525
2020_12_LAC_BUF,2020,12,BUF,LAC,2020-11-29,4.5,4.478076,3.9281535,6.127843,5.016454937021437
2020_12_NYG_CIN,2020,12,CIN,NYG,2020-11-29,-6.5,-10.955599,-11.0512705,-10.668583,-8.169082159782453
2020_12_TEN_IND,2020,12,IND,TEN,2020-11-29,3.0,2.6373506,2.4714873,3.1349401,3.2036725828605106
2020_12_CLE_JAX,2020,12,JAX,CLE,2020-11-29,-7.5,-6.620513,-6.851474,-5.9276323,-3.803603036753961
2020_12_CAR_MIN,2020,12,MIN,CAR,2020-11-29,3.0,-0.69601005,-0.17441076,-2.260808,-0.035581591068835884
2020_12_ARI_NE,2020,12,NE,ARI,2020-11-29,-1.0,0.8463392,1.0810297,0.14226782,1.0611765140431997
2020_12_MIA_NYJ,2020,12,NYJ,MIA,2020-11-29,-7.5,-7.0266557,-7.3128138,-6.168181,-6.306911863063637
2020_12_NO_DEN,2020,12,DEN,NO,2020-11-29,-17.0,-11.716253,-10.593974,-15.08309,-5.444928297503865
2020_12_SF_LA,2020,12,LA,SF,2020-11-29,5.0,5.624094,5.287782,6.63303,6.172728494763504
2020_12_KC_TB,2020,12,TB,KC,2020-11-29,-3.5,-1.2763442,-1.3027012,-1.197273,1.222998448893096
2020_12_CHI_GB,2020,12,GB,CHI,2020-11-29,7.5,10.60664,11.018594,9.370775,10.019698395686166
2020_12_SEA_PHI,2020,12,PHI,SEA,2020-11-30,-6.5,-8.412742,-8.199486,-9.052509,-7.791767456426752
2020_12_BAL_PIT,2020,12,PIT,BAL,2020-12-02,10.5,10.929865,10.121065,13.356266,9.859962527910728
2020_13_NO_ATL,2020,13,ATL,NO,2020-12-06,-2.5,-1.3260324,-1.1388894,-1.8874612,0.7440397035526612
2020_13_DET_CHI,2020,13,CHI,DET,2020-12-06,3.0,1.247805,1.5283151,0.40627468,1.21547142857925
2020_13_IND_HOU,2020,13,HOU,IND,2020-12-06,-3.5,-2.0156786,-1.692433,-2.9854155,-1.4088575557468532
2020_13_CIN_MIA,2020,13,MIA,CIN,2020-12-06,10.5,10.183743,9.927101,10.953665,8.505600125348378
2020_13_JAX_MIN,2020,13,MIN,JAX,2020-12-06,10.5,10.018713,10.472282,8.658003,9.908659542012607
2020_13_LV_NYJ,2020,13,NYJ,LV,2020-12-06,-7.5,-10.241066,-11.532425,-6.3669906,-9.605803367980206
2020_13_CLE_TEN,2020,13,TEN,CLE,2020-12-06,4.0,0.26651585,0.5344402,-0.5372572,2.5705411572681416
2020_13_LA_ARI,2020,13,ARI,LA,2020-12-06,-2.5,2.2788641,2.893877,0.43382514,1.3962169845548313
2020_13_NYG_SEA,2020,13,SEA,NYG,2020-12-06,11.0,12.805304,12.345819,14.183754,12.660496245121346
2020_13_PHI_GB,2020,13,GB,PHI,2020-12-06,8.0,7.8982997,8.17166,7.078218,7.557679599464236
2020_13_NE_LAC,2020,13,LAC,NE,2020-12-06,2.5,0.9844513,1.3370098,-0.07322407,0.9278117281508405
2020_13_DEN_KC,2020,13,KC,DEN,2020-12-06,13.0,9.264942,9.79083,7.6872797,8.286666880406981
2020_13_WAS_PIT,2020,13,PIT,WAS,2020-12-07,5.5,10.467468,10.615444,10.0235405,9.84264210294549
2020_13_BUF_SF,2020,13,SF,BUF,2020-12-07,1.5,4.119175,4.1192,4.1190977,4.565360165188172
2020_13_DAL_BAL,2020,13,BAL,DAL,2020-12-08,8.5,11.655783,11.693325,11.543158,10.736628979835256
2020_14_NE_LA,2020,14,LA,NE,2020-12-10,5.0,3.043549,2.9522462,3.3174572,3.449022287881743
2020_14_DEN_CAR,2020,14,CAR,DEN,2020-12-13,4.0,0.98409617,0.90593404,1.2185825,0.3581303856269566
2020_14_HOU_CHI,2020,14,CHI,HOU,2020-12-13,-1.0,-2.5397038,-2.0297928,-4.069437,-2.0341020744938665
2020_14_DAL_CIN,2020,14,CIN,DAL,2020-12-13,-3.0,-6.4299603,-5.979126,-7.7824636,-6.599245874910555
2020_14_TEN_JAX,2020,14,JAX,TEN,2020-12-13,-7.5,-4.988814,-4.9729342,-5.036453,-1.818781761978519
2020_14_KC_MIA,2020,14,MIA,KC,2020-12-13,-7.5,-8.509439,-9.412001,-5.8017573,-5.964382244489659
2020_14_ARI_NYG,2020,14,NYG,ARI,2020-12-13,-3.0,-2.100966,-2.2297456,-1.7146268,-0.8207586575752415
2020_14_MIN_TB,2020,14,TB,MIN,2020-12-13,7.0,8.38809,7.9548373,9.687847,9.237492168775107
2020_14_IND_LV,2020,14,LV,IND,2020-12-13,-2.5,-0.6404649,-0.3462823,-1.5230126,-0.34122031390626634
2020_14_NYJ_SEA,2020,14,SEA,NYJ,2020-12-13,16.5,14.478064,13.742529,16.68467,14.240185529643057
2020_14_GB_DET,2020,14,DET,GB,2020-12-13,-9.5,-10.93536,-10.996639,-10.751524,-10.621397094963296
2020_14_ATL_LAC,2020,14,LAC,ATL,2020-12-13,1.0,-1.1884453,-1.3081542,-0.8293185,-2.4248672292496294
2020_14_NO_PHI,2020,14,PHI,NO,2020-12-13,-7.5,-2.3318071,-2.9792175,-0.3895762,-0.08338047999354256
2020_14_WAS_SF,2020,14,SF,WAS,2020-12-13,3.0,-1.9266505,-2.1012769,-1.4027717,-3.7467533718560655
2020_14_PIT_BUF,2020,14,BUF,PIT,2020-12-13,2.0,5.578782,5.274519,6.491571,3.4959702685729535
2020_14_BAL_CLE,2020,14,CLE,BAL,2020-12-14,-3.0,3.5759544,3.7623782,3.016683,4.782638229987683
2020_15_LAC_LV,2020,15,LV,LAC,2020-12-17,3.5,3.809939,4.0283966,3.154566,4.838995321725293
2020_15_BUF_DEN,2020,15,DEN,BUF,2020-12-19,-5.5,-4.9065294,-5.2034082,-4.0158925,-3.4069474024552178
2020_15_CAR_GB,2020,15,GB,CAR,2020-12-19,9.5,11.58606,11.604554,11.530575,10.858341480971717
2020_15_TB_ATL,2020,15,ATL,TB,2020-12-20,-6.0,-7.456875,-7.4279637,-7.543608,-5.187613702558115
2020_15_JAX_BAL,2020,15,BAL,JAX,2020-12-20,13.0,11.043758,10.9694,11.266832,8.972024669605398
2020_15_SF_DAL,2020,15,DAL,SF,2020-12-20,-4.0,-3.020249,-3.8314312,-0.5867026,-1.7863182828087925
2020_15_HOU_IND,2020,15,IND,HOU,2020-12-20,7.5,5.599416,6.18921,3.8300319,8.385374338329134
2020_15_NE_MIA,2020,15,MIA,NE,2020-12-20,-1.5,0.32289392,0.45613638,-0.07683349,2.4683749398144452
2020_15_CHI_MIN,2020,15,MIN,CHI,2020-12-20,2.5,0.074590445,0.7433043,-1.9315512,-0.17677932112367908
2020_15_DET_TEN,2020,15,TEN,DET,2020-12-20,9.5,4.804822,5.1427794,3.7909489,5.930943009259011
2020_15_SEA_WAS,2020,15,WAS,SEA,2020-12-20,-6.0,-9.395843,-9.0627775,-10.395039,-7.512603745281572
2020_15_PHI_ARI,2020,15,ARI,PHI,2020-12-20,6.5,6.827545,7.078815,6.073737,5.233601422243544
2020_15_NYJ_LA,2020,15,LA,NYJ,2020-12-20,17.5,12.753471,11.539981,16.393942,12.622355974849132
2020_15_KC_NO,2020,15,NO,KC,2020-12-20,-2.5,0.16634792,0.4221283,-0.60099316,3.153365182820895
2020_15_CLE_NYG,2020,15,NYG,CLE,2020-12-20,-6.0,-7.2749434,-7.519951,-6.5399213,-5.59825570227691
2020_15_PIT_CIN,2020,15,CIN,PIT,2020-12-21,-14.5,-10.783207,-9.456939,-14.762014,-7.9531738068953
2020_16_MIN_NO,2020,16,NO,MIN,2020-12-25,6.5,8.925111,8.35395,10.638596,9.1002729276951
2020_16_TB_DET,2020,16,DET,TB,2020-12-26,-12.0,-11.7049885,-11.4469795,-12.479017,-8.679555723866105
2020_16_SF_ARI,2020,16,ARI,SF,2020-12-26,6.0,5.3051767,4.182662,8.672721,5.874027184774503
2020_16_MIA_LV,2020,16,LV,MIA,2020-12-26,-2.0,-3.4316955,-2.9864936,-4.767302,-3.0319411772640867
2020_16_NYG_BAL,2020,16,BAL,NYG,2020-12-27,10.0,12.711901,12.882562,12.199919,11.422799115390518
2020_16_CIN_HOU,2020,16,HOU,CIN,2020-12-27,7.5,4.823483,5.2158813,3.6462884,3.2366584871077415
2020_16_CHI_JAX,2020,16,JAX,CHI,2020-12-27,-9.5,-11.7827015,-11.387293,-12.968925,-8.586482487455816
2020_16_ATL_KC,2020,16,KC,ATL,2020-12-27,11.0,14.467453,14.525845,14.29228,13.285612675666284
2020_16_CLE_NYJ,2020,16,NYJ,CLE,2020-12-27,-6.5,-8.438296,-8.675268,-7.7273793,-7.007600362634305
2020_16_IND_PIT,2020,16,PIT,IND,2020-12-27,-1.0,-0.6121281,0.004022535,-2.4605799,0.57315861682486
2020_16_DEN_LAC,2020,16,LAC,DEN,2020-12-27,2.5,0.45143467,0.8109705,-0.6271727,-1.0138941630299942
2020_16_CAR_WAS,2020,16,WAS,CAR,2020-12-27,-1.0,0.6249502,0.52809703,0.91550946,1.2018824769686
2020_16_PHI_DAL,2020,16,DAL,PHI,2020-12-27,-3.0,0.6561331,1.0247775,-0.44980025,-0.7052594847242992
2020_16_LA_SEA,2020,16,SEA,LA,2020-12-27,1.5,4.732031,4.515267,5.3823214,4.899202197859574
2020_16_TEN_GB,2020,16,GB,TEN,2020-12-27,3.0,4.7750554,3.9717624,7.1849346,4.044003348332586
2020_16_BUF_NE,2020,16,NE,BUF,2020-12-28,-7.0,-10.341902,-10.730678,-9.175573,-8.518879818732088
2020_17_MIA_BUF,2020,17,BUF,MIA,2021-01-03,-3.5,1.7328357,3.3640153,-3.1607032,1.222138124431689
2020_17_BAL_CIN,2020,17,CIN,BAL,2021-01-03,-13.5,-11.58255,-10.903583,-13.619455,-8.36192551134858
2020_17_PIT_CLE,2020,17,CLE,PIT,2021-01-03,10.5,10.297042,9.591694,12.413086,9.54717729173655
2020_17_MIN_DET,2020,17,DET,MIN,2021-01-03,-3.0,-4.991336,-5.158571,-4.489632,-4.723670053630932
2020_17_NYJ_NE,2020,17,NE,NYJ,2021-01-03,3.0,3.6902394,4.010501,2.7294545,3.912402387534725
2020_17_DAL_NYG,2020,17,NYG,DAL,2021-01-03,-1.5,-3.2265706,-3.3923788,-2.7291465,-2.729540296984679
2020_17_ATL_TB,2020,17,TB,ATL,2021-01-03,7.5,9.742408,10.365534,7.87303,10.28179363575433
2020_17_NO_CAR,2020,17,CAR,NO,2021-01-03,-6.0,-9.137891,-10.407204,-5.329952,-6.956809593180771
2020_17_GB_CHI,2020,17,CHI,GB,2021-01-03,-4.5,-2.5895796,-1.6428843,-5.429665,-1.4199836544858044
2020_17_LV_DEN,2020,17,DEN,LV,2021-01-03,-2.5,-1.8834823,-1.4999702,-3.034019,-3.7999825485839267
2020_17_TEN_HOU,2020,17,HOU,TEN,2021-01-03,-7.0,-9.17317,-9.961226,-6.8090024,-5.52348033451417
2020_17_JAX_IND,2020,17,IND,JAX,2021-01-03,15.5,15.1357975,14.449215,17.195547,14.094939446696225
2020_17_LAC_KC,2020,17,KC,LAC,2021-01-03,-7.0,-2.9768074,-2.4426863,-4.57917,-1.8236167491061162
2020_17_ARI_LA,2020,17,LA,ARI,2021-01-03,1.0,0.9346894,1.3776982,-0.39433718,2.4835138190116712
2020_17_SEA_SF,2020,17,SF,SEA,2021-01-03,-7.0,-9.011461,-8.820603,-9.584034,-4.6682592224513275
2020_17_WAS_PHI,2020,17,PHI,WAS,2021-01-03,-6.5,-5.771808,-5.6511483,-6.1337876,-5.8731263727585965
2020_18_IND_BUF,2020,18,BUF,IND,2021-01-09,7.0,4.2748666,4.735672,2.892451,5.77016124759026
2020_18_LA_SEA,2020,18,SEA,LA,2021-01-09,3.0,5.2389784,5.654898,3.9912188,5.6332405832017205
2020_18_TB_WAS,2020,18,WAS,TB,2021-01-09,-10.0,-8.652129,-9.395927,-6.420734,-5.704467213706047
2020_18_BAL_TEN,2020,18,TEN,BAL,2021-01-10,-3.5,-3.261714,-3.1532662,-3.5870566,-2.1346238211357806
2020_18_CHI_NO,2020,18,NO,CHI,2021-01-10,11.0,6.562375,6.3170447,7.2983665,9.43075669515424
2020_18_CLE_PIT,2020,18,PIT,CLE,2021-01-10,5.0,3.2193701,3.2703664,3.0663812,5.101026544133086
2020_19_LA_GB,2020,19,GB,LA,2021-01-16,7.0,14.068504,13.219293,16.616138,12.457864155143259
2020_19_BAL_BUF,2020,19,BUF,BAL,2021-01-16,2.5,2.0967414,2.416288,1.1381018,2.7058125532144737
2020_19_CLE_KC,2020,19,KC,CLE,2021-01-17,7.5,5.9566803,5.20028,8.22588,6.3550865883571985
2020_19_TB_NO,2020,19,NO,TB,2021-01-17,2.5,7.4429502,7.279798,7.932408,7.255469489292145
2020_20_TB_GB,2020,20,GB,TB,2021-01-24,3.0,5.4859467,4.78156,7.5991073,3.824945805329154
2020_20_BUF_KC,2020,20,KC,BUF,2021-01-24,3.0,4.7384796,4.5395365,5.33531,3.7665466406719244
2020_21_KC_TB,2020,21,TB,KC,2021-02-07,-3.0,0.65004915,1.2668095,-1.2002318,1.1844652356066985
2021_01_DAL_TB,2021,1,TB,DAL,2021-09-09,10.0,13.740568,13.199559,15.363594,13.175068860281144
2021_01_PHI_ATL,2021,1,ATL,PHI,2021-09-12,3.5,2.0359678,2.5273798,0.5617318,4.386162520145875
2021_01_PIT_BUF,2021,1,BUF,PIT,2021-09-12,6.5,5.67833,6.0279384,4.6295047,6.058767533635155
2021_01_NYJ_CAR,2021,1,CAR,NYJ,2021-09-12,3.5,3.3565452,3.8575947,1.8533963,4.02675097814817
2021_01_MIN_CIN,2021,1,CIN,MIN,2021-09-12,-3.0,-5.6840315,-5.354547,-6.672486,-6.328430878552123
2021_01_SF_DET,2021,1,DET,SF,2021-09-12,-9.5,-9.227341,-8.9125395,-10.171745,-9.811795029621571
2021_01_JAX_HOU,2021,1,HOU,JAX,2021-09-12,-3.5,-2.0097163,-0.835898,-5.531171,-4.085442447589975
2021_01_SEA_IND,2021,1,IND,SEA,2021-09-12,-3.0,3.1190658,4.445081,-0.8589798,2.990958690724598
2021_01_ARI_TEN,2021,1,TEN,ARI,2021-09-12,2.5,2.939004,3.1043704,2.4429045,2.623687877453393
2021_01_LAC_WAS,2021,1,WAS,LAC,2021-09-12,2.5,2.8580594,2.691175,3.3587136,4.386744824141843
2021_01_CLE_KC,2021,1,KC,CLE,2021-09-12,5.5,4.7974205,4.3502297,6.1389923,5.069794979854458
2021_01_MIA_NE,2021,1,NE,MIA,2021-09-12,3.5,2.5052395,2.4780798,2.5867188,3.374810448891603
2021_01_GB_NO,2021,1,NO,GB,2021-09-12,-4.0,0.45414853,1.5493593,-2.8314838,3.2698634123535997
2021_01_DEN_NYG,2021,1,NYG,DEN,2021-09-12,-3.0,-4.3176374,-4.447198,-3.9289556,-4.910684351567575
2021_01_CHI_LA,2021,1,LA,CHI,2021-09-12,9.5,8.922374,8.861012,9.106456,8.572469187376988
2021_01_BAL_LV,2021,1,LV,BAL,2021-09-13,-3.0,-3.3485343,-2.4313538,-6.1000757,-1.2657562366251407
2021_02_NYG_WAS,2021,2,WAS,NYG,2021-09-16,4.0,4.2213364,4.424044,3.6132135,5.16872467178157
2021_02_NO_CAR,2021,2,CAR,NO,2021-09-19,-3.0,-3.0754423,-3.5058236,-1.7842976,-3.0330101472554007
2021_02_CIN_CHI,2021,2,CHI,CIN,2021-09-19,2.0,1.11903,1.0565016,1.3066149,1.0208872754954366
2021_02_HOU_CLE,2021,2,CLE,HOU,2021-09-19,13.5,8.206421,8.171128,8.312296,9.93451040398833
2021_02_LA_IND,2021,2,IND,LA,2021-09-19,-4.0,-2.6002617,-2.013104,-4.361735,-1.6323669461085888
2021_02_DEN_JAX,2021,2,JAX,DEN,2021-09-19,-6.0,-10.2523575,-10.145133,-10.574031,-8.593317253758425
2021_02_BUF_MIA,2021,2,MIA,BUF,2021-09-19,-3.5,-4.432597,-4.901891,-3.024716,-5.808622208796435
2021_02_NE_NYJ,2021,2,NYJ,NE,2021-09-19,-5.5,-5.6847615,-5.066933,-7.5382457,-6.09789328201388
2021_02_SF_PHI,2021,2,PHI,SF,2021-09-19,-3.0,-3.5947623,-3.541579,-3.754313,-3.2833515157282953
2021_02_LV_PIT,2021,2,PIT,LV,2021-09-19,5.5,5.4260406,5.7497807,4.4548206,5.6539812719329525
2021_02_MIN_ARI,2021,2,ARI,MIN,2021-09-19,4.0,2.5310645,2.0545816,3.9605136,1.4857066826460112
2021_02_ATL_TB,2021,2,TB,ATL,2021-09-19,13.5,12.340282,12.314347,12.418085,12.816654884279222
2021_02_DAL_LAC,2021,2,LAC,DAL,2021-09-19,3.0,4.6363716,3.9316974,6.7503943,3.3294649007868165
2021_02_TEN_SEA,2021,2,SEA,TEN,2021-09-19,6.5,2.9513683,2.4838684,4.353869,2.66989724438781
2021_02_KC_BAL,2021,2,BAL,KC,2021-09-19,-3.5,-6.5210485,-5.9821973,-8.137601,-6.561114514845107
2021_02_DET_GB,2021,2,GB,DET,2021-09-20,11.5,10.631718,11.04651,9.38734,11.111782891550988
2021_03_CAR_HOU,2021,3,HOU,CAR,2021-09-23,-8.0,-5.711689,-4.416572,-9.597039,-6.566275236431032
2021_03_WAS_BUF,2021,3,BUF,WAS,2021-09-26,7.5,13.0087595,13.738904,10.818325,13.264503973125251
2021_03_CHI_CLE,2021,3,CLE,CHI,2021-09-26,7.5,7.054635,7.5754743,5.492116,7.060547619429266
2021_03_BAL_DET,2021,3,DET,BAL,2021-09-26,-7.5,-11.636604,-11.409611,-12.317587,-11.682653428154765
2021_03_ARI_JAX,2021,3,JAX,ARI,2021-09-26,-8.0,-13.469654,-12.905178,-15.163081,-13.652453057800104
2021_03_LAC_KC,2021,3,KC,LAC,2021-09-26,6.5,7.402562,8.200415,5.009005,7.388700614463517
2021_03_NO_NE,2021,3,NE,NO,2021-09-26,3.0,2.95362,2.3064234,4.895209,0.7209640862890486
2021_03_ATL_NYG,2021,3,NYG,ATL,2021-09-26,3.0,0.8069068,0.84191597,0.7018795,0.5550555110631278
2021_03_CIN_PIT,2021,3,PIT,CIN,2021-09-26,2.5,-0.8557397,-0.81889373,-0.9662777,-1.054585158754992
2021_03_IND_TEN,2021,3,TEN,IND,2021-09-26,4.5,3.9736056,3.4998183,5.3949685,3.9941097497615488
2021_03_NYJ_DEN,2021,3,DEN,NYJ,2021-09-26,10.5,5.337443,4.862674,6.7617493,5.481863258495536
2021_03_MIA_LV,2021,3,LV,MIA,2021-09-26,4.0,3.4500263,3.5146668,3.2561045,3.826643232567144
2021_03_TB_LA,2021,3,LA,TB,2021-09-26,-1.0,2.9980469,2.879853,3.3526287,3.331619837026274
2021_03_SEA_MIN,2021,3,MIN,SEA,2021-09-26,-2.0,-1.3924581,-1.1481633,-2.1253424,-0.9696283099069211
2021_03_GB_SF,2021,3,SF,GB,2021-09-26,3.5,-0.9849101,-1.4864631,0.5197489,-0.1568653438149996
2021_03_PHI_DAL,2021,3,DAL,PHI,2021-09-27,3.5,2.9807835,2.4902692,4.452326,3.368015032518071
2021_04_JAX_CIN,2021,4,CIN,JAX,2021-09-30,7.5,6.3117614,6.8018165,4.8415966,5.0044947667849025
2021_04_WAS_ATL,2021,4,ATL,WAS,2021-10-03,-1.0,-2.947735,-2.6554492,-3.8245926,-3.601839390544474
2021_04_HOU_BUF,2021,4,BUF,HOU,2021-10-03,19.0,10.152324,8.245852,15.871738,6.844317267647575
2021_04_DET_CHI,2021,4,CHI,DET,2021-10-03,3.0,1.3967968,1.8085296,0.16159856,2.770103327042369
2021_04_CAR_DAL,2021,4,DAL,CAR,2021-10-03,4.5,7.1610446,6.650762,8.691893,8.261628513921009
2021_04_IND_MIA,2021,4,MIA,IND,2021-10-03,2.5,-1.6557721,-2.363223,0.46658087,-0.857524252422889
2021_04_CLE_MIN,2021,4,MIN,CLE,2021-10-03,-1.0,-0.69889015,-0.34907472,-1.7483364,0.16213730846264804
2021_04_NYG_NO,2021,4,NO,NYG,2021-10-03,7.5,8.623344,9.020033,7.433279,9.335803002702061
2021_04_TEN_NYJ,2021,4,NYJ,TEN,2021-10-03,-5.5,-7.456024,-6.802052,-9.41794,-8.223822744419627
2021_04_KC_PHI,2021,4,PHI,KC,2021-10-03,-7.5,-10.648005,-10.95611,-9.723684,-13.027362802029952
2021_04_ARI_LA,2021,4,LA,ARI,2021-10-03,3.5,11.183766,11.801821,9.3296,13.000833208041138
2021_04_SEA_SF,2021,4,SF,SEA,2021-10-03,2.5,-1.2988454,-2.4034622,2.0150046,-1.0192829280121272
2021_04_BAL_DEN,2021,4,DEN,BAL,2021-10-03,1.0,-3.1460602,-3.4238055,-2.3128242,-3.59623434226154
2021_04_PIT_GB,2021,4,GB,PIT,2021-10-03,6.5,5.6454086,6.094228,4.2989507,5.798560069680775
2021_04_TB_NE,2021,4,NE,TB,2021-10-03,-6.0,-5.3644886,-6.7408843,-1.2353021,-6.059108634992282
2021_04_LV_LAC,2021,4,LAC,LV,2021-10-04,3.0,4.531294,4.7325377,3.9275622,4.370999470267085
2021_05_LA_SEA,2021,5,SEA,LA,2021-10-07,-2.5,-3.3607595,-2.5102134,-5.912398,-2.524306391665113
2021_05_NYJ_ATL,2021,5,ATL,NYJ,2021-10-10,3.0,5.858738,6.0225286,5.3673663,5.024791364941544
2021_05_PHI_CAR,2021,5,CAR,PHI,2021-10-10,2.5,1.070467,0.20535564,3.665801,1.217329477850332
2021_05_GB_CIN,2021,5,CIN,GB,2021-10-10,-2.0,-6.8730054,-6.973787,-6.570661,-6.821478226430786
2021_05_NE_HOU,2021,5,HOU,NE,2021-10-10,-8.0,-9.659201,-9.778848,-9.300258,-11.592225008015948
2021_05_TEN_JAX,2021,5,JAX,TEN,2021-10-10,-4.0,-5.683609,-4.709632,-8.605539,-5.230338849598034
2021_05_DET_MIN,2021,5,MIN,DET,2021-10-10,10.0,6.32777,6.2975855,6.4183235,8.064829384479202
2021_05_DEN_PIT,2021,5,PIT,DEN,2021-10-10,-2.0,-0.91564524,-1.0893751,-0.3944553,0.3069107432878214
2021_05_MIA_TB,2021,5,TB,MIA,2021-10-10,11.0,10.234565,10.072092,10.721984,9.927069539836664
2021_05_NO_WAS,2021,5,WAS,NO,2021-10-10,-2.5,-3.5541205,-4.339093,-1.1992022,-4.990678320674509
2021_05_CLE_LAC,2021,5,LAC,CLE,2021-10-10,2.5,3.1415744,3.241396,2.8421097,4.2497615563186555
2021_05_CHI_LV,2021,5,LV,CHI,2021-10-10,5.5,3.9709687,4.09569,3.5968058,3.623060316253551
2021_05_SF_ARI,2021,5,ARI,SF,2021-10-10,6.0,3.507215,2.9717278,5.1136765,4.170569671329957
2021_05_NYG_DAL,2021,5,DAL,NYG,2021-10-10,7.5,4.2707777,4.394554,3.8994489,3.549344184633905
2021_05_BUF_KC,2021,5,KC,BUF,2021-10-10,2.5,-2.458884,-2.8513253,-1.2815596,-2.6615319826268844
2021_05_IND_BAL,2021,5,BAL,IND,2021-10-11,7.5,8.063486,8.22094,7.591125,9.617812408418922
2021_06_TB_PHI,2021,6,PHI,TB,2021-10-14,-7.0,-12.760753,-13.539885,-10.42336,-13.619150526683837
2021_06_MIA_JAX,2021,6,JAX,MIA,2021-10-17,-2.5,-3.8918028,-2.2331822,-8.867664,-3.910530274487242
2021_06_LAC_BAL,2021,6,BAL,LAC,2021-10-17,3.0,2.3737803,1.9774886,3.5626545,2.0618079495639123
2021_06_MIN_CAR,2021,6,CAR,MIN,2021-10-17,-2.5,-7.007462,-6.4552007,-8.664246,-5.9265082243932365
2021_06_GB_CHI,2021,6,CHI,GB,2021-10-17,-5.5,-4.962696,-5.2215323,-4.186188,-5.993654105692695
2021_06_CIN_DET,2021,6,DET,CIN,2021-10-17,-3.5,-5.5494285,-5.0371366,-7.086303,-5.692170461522776
2021_06_HOU_IND,2021,6,IND,HOU,2021-10-17,10.5,6.1038933,5.529531,7.8269796,5.216386709400644
2021_06_LA_NYG,2021,6,NYG,LA,2021-10-17,-7.5,-9.62363,-10.029318,-8.406566,-10.023582376843894
2021_06_KC_WAS,2021,6,WAS,KC,2021-10-17,-6.0,-4.953182,-5.14085,-4.390178,-4.536527006173026
2021_06_ARI_CLE,2021,6,CLE,ARI,2021-10-17,3.0,4.3725634,4.7040653,3.3780575,5.8170614668533585
2021_06_LV_DEN,2021,6,DEN,LV,2021-10-17,5.0,2.9033895,2.723187,3.443996,2.937041811885519
2021_06_DAL_NE,2021,6,NE,DAL,2021-10-17,-3.5,-5.7845697,-5.823095,-5.668994,-6.842044324630934
2021_06_SEA_PIT,2021,6,PIT,SEA,2021-10-17,5.5,4.2097816,3.612874,6.000504,3.7000006750144494
2021_06_BUF_TEN,2021,6,TEN,BUF,2021-10-18,-6.0,-1.4831779,-1.5389402,-1.3158911,-0.9624612704689232
2021_07_DEN_CLE,2021,7,CLE,DEN,2021-10-21,2.0,2.8460772,2.7733483,3.0642633,3.846778231000758
2021_07_CIN_BAL,2021,7,BAL,CIN,2021-10-24,6.5,9.303599,9.992951,7.235541,10.364305805798766
2021_07_WAS_GB,2021,7,GB,WAS,2021-10-24,8.5,10.124405,10.471732,9.082422,9.280057316893085
2021_07_ATL_MIA,2021,7,MIA,ATL,2021-10-24,-1.5,-1.8383294,-1.4304329,-3.0620189,-1.5033213364596913
2021_07_NYJ_NE,2021,7,NE,NYJ,2021-10-24,7.0,7.718051,7.9750786,6.946968,7.599515396834924
2021_07_CAR_NYG,2021,7,NYG,CAR,2021-10-24,-3.0,-3.9891148,-3.6286592,-5.070481,-3.575339623609325
2021_07_KC_TEN,2021,7,TEN,KC,2021-10-24,-4.0,-3.720689,-3.6815107,-3.8382244,-5.319944116461264
2021_07_DET_LA,2021,7,LA,DET,2021-10-24,17.0,12.125884,11.701592,13.398757,11.272725578773915
2021_07_PHI_LV,2021,7,LV,PHI,2021-10-24,1.0,6.851113,6.797316,7.012503,8.517992592188822
2021_07_HOU_ARI,2021,7,ARI,HOU,2021-10-24,20.5,11.528362,9.525215,17.537806,9.89612551918717
2021_07_CHI_TB,2021,7,TB,CHI,2021-10-24,12.5,16.285675,16.284956,16.287832,15.792386617223793
2021_07_IND_SF,2021,7,SF,IND,2021-10-24,3.5,2.4048965,1.8616849,4.034531,3.104706188281446
2021_07_NO_SEA,2021,7,SEA,NO,2021-10-25,-6.0,-6.15847,-6.4945307,-5.150288,-6.94035189115048
2021_08_GB_ARI,2021,8,ARI,GB,2021-10-28,6.5,4.3434668,4.858325,2.798893,4.331920342948596
2021_08_CAR_ATL,2021,8,ATL,CAR,2021-10-31,2.5,-1.6432921,-1.5802281,-1.8324839,0.09076213478102464
2021_08_MIA_BUF,2021,8,BUF,MIA,2021-10-31,15.0,14.776369,14.2332115,16.405842,12.738880836176811
2021_08_SF_CHI,2021,8,CHI,SF,2021-10-31,-4.5,-4.4106674,-3.7176604,-6.4896884,-4.975533561650394
2021_08_PIT_CLE,2021,8,CLE,PIT,2021-10-31,5.5,4.80907,5.0568795,4.065641,5.248201680087516
2021_08_PHI_DET,2021,8,DET,PHI,2021-10-31,-3.0,-5.556346,-4.229071,-9.538169,-5.315605733434604
2021_08_LA_HOU,2021,8,HOU,LA,2021-10-31,-17.0,-12.81345,-11.360986,-17.17084,-12.624443441181024
2021_08_TEN_IND,2021,8,IND,TEN,2021-10-31,3.0,-0.66904354,-1.4591131,1.7011653,0.08232671224605854
2021_08_CIN_NYJ,2021,8,NYJ,CIN,2021-10-31,-11.5,-11.599456,-11.6867895,-11.337456,-10.351459240631996
2021_08_NE_LAC,2021,8,LAC,NE,2021-10-31,3.5,3.3367894,3.3462083,3.3085327,3.8784175169562807
2021_08_JAX_SEA,2021,8,SEA,JAX,2021-10-31,4.0,2.72929,3.3109102,0.98442924,2.9081239772896565
2021_08_WAS_DEN,2021,8,DEN,WAS,2021-10-31,4.0,1.5520189,1.6612593,1.2242973,2.6125080178059763
2021_08_TB_NO,2021,8,NO,TB,2021-10-31,-4.0,-3.698755,-3.3119936,-4.8590393,-2.906852725774422
2021_08_DAL_MIN,2021,8,MIN,DAL,2021-10-31,4.5,2.7003093,2.5281322,3.2168407,3.188080693247899
2021_08_NYG_KC,2021,8,KC,NYG,2021-11-01,10.5,6.816555,6.3016567,8.361251,7.509370891265162
2021_09_NYJ_IND,2021,9,IND,NYJ,2021-11-04,10.5,8.877511,9.230539,7.818425,9.943582528810794
2021_09_MIN_BAL,2021,9,BAL,MIN,2021-11-07,7.5,4.0647902,4.7573195,1.9872022,4.513721507782865
2021_09_NE_CAR,2021,9,CAR,NE,2021-11-07,-3.5,-3.8775694,-3.8157046,-4.0631638,-3.663368691459804
2021_09_CLE_CIN,2021,9,CIN,CLE,2021-11-07,2.5,-1.2233284,-1.5863733,-0.13419354,-0.904756721215842
2021_09_DEN_DAL,2021,9,DAL,DEN,2021-11-07,10.5,7.916751,7.776575,8.337279,8.454515779716566
2021_09_BUF_JAX,2021,9,JAX,BUF,2021-11-07,-14.5,-13.448431,-12.826895,-15.313043,-13.757181961036807
2021_09_HOU_MIA,2021,9,MIA,HOU,2021-11-07,4.0,0.60399604,0.16196437,1.9300911,0.6065985490905081
2021_09_ATL_NO,2021,9,NO,ATL,2021-11-07,7.0,7.676078,7.9738197,6.782852,6.830390575876565
2021_09_LV_NYG,2021,9,NYG,LV,2021-11-07,-3.0,-3.3439965,-3.3713017,-3.2620816,-3.569671271667159
2021_09_LAC_PHI,2021,9,PHI,LAC,2021-11-07,-1.0,-5.2022514,-5.5517488,-4.153759,-5.1969231908838625
2021_09_GB_KC,2021,9,KC,GB,2021-11-07,7.0,2.5835872,2.546546,2.6947103,3.3304289051691405
2021_09_ARI_SF,2021,9,SF,ARI,2021-11-07,5.5,1.7142385,1.3896184,2.688099,2.46838226914051
2021_09_TEN_LA,2021,9,LA,TEN,2021-11-07,7.0,8.093794,8.101404,8.070965,7.660837132904623
2021_09_CHI_PIT,2021,9,PIT,CHI,2021-11-08,7.0,6.706612,7.6099424,3.9966216,7.648032375250902
2021_10_BAL_MIA,2021,10,MIA,BAL,2021-11-11,-8.5,-10.368782,-11.101581,-8.170388,-11.298994887384874
2021_10_ATL_DAL,2021,10,DAL,ATL,2021-11-14,8.0,11.907261,12.053775,11.467719,12.722683773225647
2021_10_JAX_IND,2021,10,IND,JAX,2021-11-14,10.5,6.6136303,7.1156874,5.1074605,8.066556082767375
2021_10_CLE_NE,2021,10,NE,CLE,2021-11-14,2.5,2.2407205,2.2961202,2.0745215,3.527543206365899
2021_10_BUF_NYJ,2021,10,NYJ,BUF,2021-11-14,-13.0,-10.966556,-11.319126,-9.908845,-8.817145022004503
2021_10_DET_PIT,2021,10,PIT,DET,2021-11-14,9.0,13.166677,13.349243,12.61898,11.286525879633972
2021_10_NO_TEN,2021,10,TEN,NO,2021-11-14,3.0,2.6597843,2.1411307,4.215745,0.48813425472026706
2021_10_TB_WAS,2021,10,WAS,TB,2021-11-14,-10.0,-14.206856,-14.517359,-13.275345,-14.853262834313789
2021_10_CAR_ARI,2021,10,ARI,CAR,2021-11-14,7.0,4.62521,4.9093413,3.7728162,3.7979309323613406
2021_10_MIN_LAC,2021,10,LAC,MIN,2021-11-14,3.0,2.6653547,2.7939777,2.2794855,2.3986967341917738
2021_10_PHI_DEN,2021,10,DEN,PHI,2021-11-14,1.0,-2.1869965,-2.7027113,-0.63985145,-2.246084137561938
2021_10_SEA_GB,2021,10,GB,SEA,2021-11-14,3.0,5.444172,4.903583,7.06594,4.254042340245047
2021_10_KC_LV,2021,10,LV,KC,2021-11-14,-2.5,-1.7492058,-0.40332785,-5.7868395,0.15042555985488545
2021_10_LA_SF,2021,10,SF,LA,2021-11-15,-3.5,-6.091157,-6.2300186,-5.6745715,-5.115364641704134
2021_11_NE_ATL,2021,11,ATL,NE,2021-11-18,-7.0,-9.970932,-10.612581,-8.045983,-9.918519826145554
2021_11_IND_BUF,2021,11,BUF,IND,2021-11-21,7.5,3.0077112,3.3542988,1.9679477,0.7756522154512968
2021_11_WAS_CAR,2021,11,CAR,WAS,2021-11-21,3.5,2.081373,2.6751356,0.30008495,2.0670049381219715
2021_11_BAL_CHI,2021,11,CHI,BAL,2021-11-21,-5.0,-4.0119085,-4.4253187,-2.7716775,-6.424851559677719
2021_11_DET_CLE,2021,11,CLE,DET,2021-11-21,13.0,8.499996,8.567469,8.29758,6.280122993971865
2021_11_SF_JAX,2021,11,JAX,SF,2021-11-21,-6.5,-9.230589,-9.823745,-7.4511237,-10.352903509953832
2021_11_GB_MIN,2021,11,MIN,GB,2021-11-21,-1.0,-3.1173973,-3.5130033,-1.9305795,-2.313321451032738
2021_11_MIA_NYJ,2021,11,NYJ,MIA,2021-11-21,-3.5,-6.0797553,-5.596153,-7.530563,-5.475380262763723
2021_11_NO_PHI,2021,11,PHI,NO,2021-11-21,2.5,-2.9324808,-3.3406856,-1.7078663,-1.444607890491664
2021_11_HOU_TEN,2021,11,TEN,HOU,2021-11-21,10.5,5.5684595,5.5708237,5.5613666,4.06300721853958
2021_11_CIN_LV,2021,11,LV,CIN,2021-11-21,-1.0,-1.0351555,-0.9984063,-1.1454033,-1.498457349079447
2021_11_DAL_KC,2021,11,KC,DAL,2021-11-21,2.5,-0.01708132,-0.71803606,2.0857828,-1.9371470734526137
2021_11_ARI_SEA,2021,11,SEA,ARI,2021-11-21,2.5,-0.52972084,-0.5016149,-0.6140386,0.4013886184126132
2021_11_PIT_LAC,2021,11,LAC,PIT,2021-11-21,5.5,1.4116669,1.0449238,2.5118964,0.05895922593859934
2021_11_NYG_TB,2021,11,TB,NYG,2021-11-22,11.5,14.552515,15.172883,12.691412,12.818314650874632
2021_12_CHI_DET,2021,12,DET,CHI,2021-11-25,-2.0,-7.4594707,-6.3977914,-10.644509,-7.326534990179659
2021_12_LV_DAL,2021,12,DAL,LV,2021-11-25,7.0,5.913002,6.2432075,4.922387,4.552145379150643
2021_12_BUF_NO,2021,12,NO,BUF,2021-11-25,-7.0,-6.699085,-6.8875194,-6.1337833,-7.578285184236481
2021_12_PIT_CIN,2021,12,CIN,PIT,2021-11-28,3.5,1.3905993,2.094425,-0.72087777,2.06197928316395
2021_12_NYJ_HOU,2021,12,HOU,NYJ,2021-11-28,3.0,-0.41230172,0.05496832,-1.8141118,1.3544223061741825
2021_12_TB_IND,2021,12,IND,TB,2021-11-28,-3.0,0.17991155,1.269356,-3.0884218,2.026584316761902
2021_12_ATL_JAX,2021,12,JAX,ATL,2021-11-28,-1.5,-1.2553152,-1.3457398,-0.98404133,-2.8530392673114835
2021_12_CAR_MIA,2021,12,MIA,CAR,2021-11-28,-1.0,0.32127318,0.6736057,-0.73572433,0.676432224328826
2021_12_TEN_NE,2021,12,NE,TEN,2021-11-28,7.5,9.93911,10.163578,9.265707,7.225980475682842
2021_12_PHI_NYG,2021,12,NYG,PHI,2021-11-28,-4.0,-5.2299113,-5.3472815,-4.877802,-5.421456758282563
2021_12_LAC_DEN,2021,12,DEN,LAC,2021-11-28,-2.5,-3.757217,-3.995814,-3.0414252,-4.056340160105203
2021_12_LA_GB,2021,12,GB,LA,2021-11-28,-2.0,-0.15773992,0.16458954,-1.1247283,1.688918569533457
2021_12_MIN_SF,2021,12,SF,MIN,2021-11-28,3.5,-0.24901915,-0.6840167,1.0559735,-0.009324429956691712
2021_12_CLE_BAL,2021,12,BAL,CLE,2021-11-28,3.0,0.35752353,-0.2019347,2.0358982,1.745173976807814
2021_12_SEA_WAS,2021,12,WAS,SEA,2021-11-29,-1.0,2.4221148,2.2178278,3.0349755,2.3659194205593423
2021_13_DAL_NO,2021,13,NO,DAL,2021-12-02,-6.0,-6.1226344,-6.6987424,-4.39431,-5.597863210820024
2021_13_TB_ATL,2021,13,ATL,TB,2021-12-05,-11.0,-14.377436,-14.632763,-13.611455,-11.989452919922849
2021_13_ARI_CHI,2021,13,CHI,ARI,2021-12-05,-7.5,-8.090559,-8.329534,-7.373636,-8.50733879639316
2021_13_LAC_CIN,2021,13,CIN,LAC,2021-12-05,2.5,-0.9789144,-1.5386072,0.70016444,-0.5014697609826215
2021_13_MIN_DET,2021,13,DET,MIN,2021-12-05,-7.0,-11.015978,-10.439134,-12.746509,-12.899624275245014
2021_13_IND_HOU,2021,13,HOU,IND,2021-12-05,-10.0,-10.166967,-10.198442,-10.072543,-12.335717866753505
2021_13_NYG_MIA,2021,13,MIA,NYG,2021-12-05,6.5,9.148132,8.931942,9.796703,7.667776570763198
2021_13_PHI_NYJ,2021,13,NYJ,PHI,2021-12-05,-5.0,-5.377384,-5.7831044,-4.1602235,-4.695507258485029
2021_13_JAX_LA,2021,13,LA,JAX,2021-12-05,14.0,10.641692,10.938213,9.752129,10.91247255097074
2021_13_WAS_LV,2021,13,LV,WAS,2021-12-05,1.0,-1.762884,-1.7569001,-1.7808357,-0.5232931946370039
2021_13_BAL_PIT,2021,13,PIT,BAL,2021-12-05,-4.0,-0.27405745,0.5191686,-2.6537356,-1.492449205143622
2021_13_SF_SEA,2021,13,SEA,SF,2021-12-05,-3.0,-3.2737324,-2.7200968,-4.934639,-3.369329104708883
2021_13_DEN_KC,2021,13,KC,DEN,2021-12-05,8.5,7.224711,7.4750566,6.473673,4.86219046939854
2021_13_NE_BUF,2021,13,BUF,NE,2021-12-06,3.0,-3.5974317,-4.212694,-1.7516443,-4.250638541207699
2021_14_PIT_MIN,2021,14,MIN,PIT,2021-12-09,3.5,8.843954,9.580123,6.6354504,9.239224404911333
2021_14_ATL_CAR,2021,14,CAR,ATL,2021-12-12,2.5,-0.19891846,0.27599314,-1.6236533,1.557307884404194
2021_14_BAL_CLE,2021,14,CLE,BAL,2021-12-12,3.0,5.4517527,5.322625,5.839136,4.808190405867961
2021_14_SEA_HOU,2021,14,HOU,SEA,2021-12-12,-10.0,-10.158651,-9.565978,-11.936674,-11.148419031229622
2021_14_LV_KC,2021,14,KC,LV,2021-12-12,10.0,9.150791,9.024203,9.530558,7.606790356197788
2021_14_NO_NYJ,2021,14,NYJ,NO,2021-12-12,-4.5,-5.8006268,-6.2649627,-4.407619,-7.6957185178222565
2021_14_JAX_TEN,2021,14,TEN,JAX,2021-12-12,8.5,9.278087,9.448666,8.766349,9.694380750807772
2021_14_DAL_WAS,2021,14,WAS,DAL,2021-12-12,-6.5,-3.4191697,-3.7604618,-2.3952932,-4.378603548355838
2021_14_DET_DEN,2021,14,DEN,DET,2021-12-12,13.0,12.126472,11.957824,12.6324215,11.813106471569435
2021_14_NYG_LAC,2021,14,LAC,NYG,2021-12-12,9.5,11.227144,10.7574005,12.636374,10.278305481669836
2021_14_SF_CIN,2021,14,CIN,SF,2021-12-12,-2.5,-2.3516974,-2.0466359,-3.2668815,-1.8802886771272198
2021_14_BUF_TB,2021,14,TB,BUF,2021-12-12,3.5,3.556237,3.396459,4.035571,3.3720452844194404
2021_14_CHI_GB,2021,14,GB,CHI,2021-12-12,11.5,9.306699,9.863821,7.6353307,11.152122017145473
2021_14_LA_ARI,2021,14,ARI,LA,2021-12-13,3.0,1.5228405,0.78171974,3.746203,1.7395313442886131
2021_15_KC_LAC,2021,15,LAC,KC,2021-12-16,-3.0,5.051183,5.73729,2.9928627,6.106179328339898
2021_15_NE_IND,2021,15,IND,NE,2021-12-18,-1.0,1.6085563,2.214888,-0.21043897,0.14159430472833281
2021_15_CAR_BUF,2021,15,BUF,CAR,2021-12-19,14.0,10.104955,10.1190815,10.062574,9.686637546894673
2021_15_ARI_DET,2021,15,DET,ARI,2021-12-19,-13.0,-12.844353,-11.238272,-17.6626,-11.430777328629661
2021_15_HOU_JAX,2021,15,JAX,HOU,2021-12-19,6.0,0.79859877,0.18847099,2.628982,-0.4415979749282926
2021_15_NYJ_MIA,2021,15,MIA,NYJ,2021-12-19,10.5,10.339386,10.46015,9.977097,10.99225604654109
2021_15_DAL_NYG,2021,15,NYG,DAL,2021-12-19,-11.5,-11.320327,-11.669848,-10.271763,-11.139359086405403
2021_15_TEN_PIT,2021,15,PIT,TEN,2021-12-19,1.0,1.4060655,1.0216349,2.5593574,0.07073657060404007
2021_15_CIN_DEN,2021,15,DEN,CIN,2021-12-19,3.0,-0.21388915,-0.30687013,0.06505382,1.1145767600697423
2021_15_ATL_SF,2021,15,SF,ATL,2021-12-19,9.5,11.475441,10.790416,13.530518,10.649481225662674
2021_15_GB_BAL,2021,15,BAL,GB,2021-12-19,-9.5,-8.919942,-9.4307995,-7.3873696,-9.317638876985262
2021_15_NO_TB,2021,15,TB,NO,2021-12-19,11.5,11.285828,10.912341,12.406289,9.708978459898914
2021_15_LV_CLE,2021,15,CLE,LV,2021-12-20,-3.0,4.818323,5.9472256,1.4316168,3.8745073043554292
2021_15_MIN_CHI,2021,15,CHI,MIN,2021-12-20,-7.0,-9.337691,-9.470161,-8.940282,-9.072204392790663
2021_15_SEA_LA,2021,15,LA,SEA,2021-12-21,7.5,6.7319894,6.9282637,6.143168,7.8075735137445665
2021_15_WAS_PHI,2021,15,PHI,WAS,2021-12-21,10.0,6.4433923,6.2090006,7.146567,6.069151360852787
2021_16_SF_TEN,2021,16,TEN,SF,2021-12-23,-3.5,-1.3537395,-1.0062959,-2.3960705,-1.518257533064929
2021_16_CLE_GB,2021,16,GB,CLE,2021-12-25,7.5,11.865339,12.257163,10.689868,13.452370115100575
2021_16_IND_ARI,2021,16,ARI,IND,2021-12-25,3.0,6.601288,6.3725543,7.2874885,7.1746710671137786
2021_16_DET_ATL,2021,16,ATL,DET,2021-12-26,7.5,5.1559696,5.7103844,3.4927258,4.1243106686493665
2021_16_TB_CAR,2021,16,CAR,TB,2021-12-26,-11.5,-15.086912,-15.443151,-14.018197,-12.212333169950032
2021_16_BAL_CIN,2021,16,CIN,BAL,2021-12-26,7.5,4.113491,3.7127123,5.3158283,3.058145237458111
2021_16_LAC_HOU,2021,16,HOU,LAC,2021-12-26,-13.5,-13.246059,-13.426835,-12.703733,-12.23099917059063
2021_16_LA_MIN,2021,16,MIN,LA,2021-12-26,-3.5,-5.952388,-5.7908626,-6.4369645,-4.896892465201788
2021_16_BUF_NE,2021,16,NE,BUF,2021-12-26,1.0,-2.3417754,-2.5837734,-1.6157817,-1.7904389843005568
2021_16_JAX_NYJ,2021,16,NYJ,JAX,2021-12-26,2.5,-0.7827376,-1.0175025,-0.07844269,-1.068089103970425
2021_16_NYG_PHI,2021,16,PHI,NYG,2021-12-26,11.0,9.553126,9.14967,10.763495,10.685152499625953
2021_16_CHI_SEA,2021,16,SEA,CHI,2021-12-26,7.0,6.0985866,7.013701,3.3532424,6.988525444533417
2021_16_PIT_KC,2021,16,KC,PIT,2021-12-26,10.5,8.906751,9.265698,7.8299065,7.882257101581812
2021_16_DEN_LV,2021,16,LV,DEN,2021-12-26,-1.0,-2.2933643,-2.3615959,-2.0886698,-2.7614057317873124
2021_16_WAS_DAL,2021,16,DAL,WAS,2021-12-26,10.5,8.604472,8.607142,8.596462,8.85246687120235
2021_16_MIA_NO,2021,16,NO,MIA,2021-12-27,-3.0,-3.5407228,-2.9456701,-5.325881,-2.7782947619358214
2021_17_LA_BAL,2021,17,BAL,LA,2022-01-02,-7.0,-6.497326,-7.4487815,-3.64296,-8.19823745824625
2021_17_ATL_BUF,2021,17,BUF,ATL,2022-01-02,14.0,11.603123,11.385319,12.256533,12.0202503066402
2021_17_NYG_CHI,2021,17,CHI,NYG,2022-01-02,7.0,7.235646,7.200243,7.3418536,6.592638495576342
2021_17_KC_CIN,2021,17,CIN,KC,2022-01-02,-3.5,-6.9492965,-6.6873693,-7.7350783,-6.698087674036867
2021_17_LV_IND,2021,17,IND,LV,2022-01-02,8.5,6.8034964,6.8687325,6.607788,6.024228912117356
2021_17_JAX_NE,2021,17,NE,JAX,2022-01-02,17.5,15.068445,13.656991,19.302809,12.731775138150436
2021_17_TB_NYJ,2021,17,NYJ,TB,2022-01-02,-14.5,-14.157625,-14.002016,-14.62445,-10.211253721060206
2021_17_MIA_TEN,2021,17,TEN,MIA,2022-01-02,3.0,-0.48053646,-0.7556658,0.3448515,-1.2089975308633647
2021_17_PHI_WAS,2021,17,WAS,PHI,2022-01-02,-6.5,-4.6147985,-5.4091463,-2.2317553,-4.278221395924013
2021_17_DEN_LAC,2021,17,LAC,DEN,2022-01-02,8.0,9.38814,9.1634865,10.0621,11.364560239133702
2021_17_HOU_SF,2021,17,SF,HOU,2022-01-02,14.0,8.648251,7.680566,11.551303,8.563679601774576
2021_17_ARI_DAL,2021,17,DAL,ARI,2022-01-02,6.5,4.673659,4.69987,4.5950246,3.7603398818953475
2021_17_CAR_NO,2021,17,NO,CAR,2022-01-02,7.0,6.053275,7.135964,2.8052087,6.6729683070233525
2021_17_DET_SEA,2021,17,SEA,DET,2022-01-02,8.5,4.617736,4.883501,3.8204408,4.927959869998887
2021_17_MIN_GB,2021,17,GB,MIN,2022-01-02,13.0,15.320751,14.981597,16.338215,13.33919482965793
2021_17_CLE_PIT,2021,17,PIT,CLE,2022-01-03,-1.0,-0.578599,-0.5870786,-0.5531601,-1.9759589648069178
2021_18_KC_DEN,2021,18,DEN,KC,2022-01-08,-11.5,-12.24668,-12.131443,-12.592392,-12.629361589484981
2021_18_DAL_PHI,2021,18,PHI,DAL,2022-01-08,-6.5,-4.826726,-4.8696976,-4.6978106,-6.217108064193258
2021_18_PIT_BAL,2021,18,BAL,PIT,2022-01-09,3.0,0.2486053,-0.30879778,1.9208145,-0.5348136481486785
2021_18_CIN_CLE,2021,18,CLE,CIN,2022-01-09,6.5,4.3564,4.893712,2.7444644,5.249636414309678
2021_18_GB_DET,2021,18,DET,GB,2022-01-09,-4.0,-8.245051,-8.5582285,-7.3055196,-8.260221188952807
2021_18_TEN_HOU,2021,18,HOU,TEN,2022-01-09,-10.5,-9.679658,-9.116207,-11.37001,-10.942360806248145
2021_18_IND_JAX,2021,18,JAX,IND,2022-01-09,-14.0,-14.156797,-14.073161,-14.407708,-13.885180505853665
2021_18_CHI_MIN,2021,18,MIN,CHI,2022-01-09,3.5,2.6807547,3.1039462,1.4111807,3.540510514543163
2021_18_WAS_NYG,2021,18,NYG,WAS,2022-01-09,-6.0,-6.6867924,-6.205903,-8.12946,-5.582880026453175
2021_18_SEA_ARI,2021,18,ARI,SEA,2022-01-09,5.5,0.5042453,-0.5563404,3.6860023,-0.3552880650880211
2021_18_NO_ATL,2021,18,ATL,NO,2022-01-09,-4.5,-5.7845907,-5.7262163,-5.9597125,-3.3841745341540603
2021_18_NYJ_BUF,2021,18,BUF,NYJ,2022-01-09,16.0,17.121971,16.63965,18.568928,15.253747291734763
2021_18_SF_LA,2021,18,LA,SF,2022-01-09,3.0,4.4751487,5.3025055,1.9930779,6.091837414312734
2021_18_NE_MIA,2021,18,MIA,NE,2022-01-09,-6.0,-2.0073757,-1.9247736,-2.2551827,-0.44301297722986455
2021_18_CAR_TB,2021,18,TB,CAR,2022-01-09,11.0,8.246955,7.456345,10.618783,8.435323043846932
2021_18_LAC_LV,2021,18,LV,LAC,2022-01-09,-3.5,-3.2895412,-3.1582978,-3.683271,-4.5568075072928265
2021_19_LV_CIN,2021,19,CIN,LV,2022-01-15,6.0,2.7710018,1.9751779,5.158473,1.8430147187090726
2021_19_NE_BUF,2021,19,BUF,NE,2022-01-15,4.5,7.7418942,6.748636,10.72167,7.562122446981226
2021_19_PHI_TB,2021,19,TB,PHI,2022-01-16,7.5,7.060755,6.5492244,8.5953455,6.364544248357395
2021_19_SF_DAL,2021,19,DAL,SF,2022-01-16,3.0,-0.602929,-0.030868217,-2.3191113,1.097466664511381
2021_19_PIT_KC,2021,19,KC,PIT,2022-01-16,13.0,9.448663,9.133241,10.394929,7.835480996705616
2021_19_ARI_LA,2021,19,LA,ARI,2022-01-17,4.0,6.479506,6.830896,5.4253373,7.851359273736816
2021_20_CIN_TEN,2021,20,TEN,CIN,2022-01-22,4.0,4.2414174,4.027151,4.8842163,4.968092581948752
2021_20_SF_GB,2021,20,GB,SF,2022-01-22,5.5,4.937067,5.5059347,3.230465,5.177904191914929
2021_20_LA_TB,2021,20,TB,LA,2022-01-23,2.5,2.4418077,2.2482004,3.0226302,4.016609574194279
2021_20_BUF_KC,2021,20,KC,BUF,2022-01-23,2.5,0.8645599,1.3986241,-0.73763263,1.5964030790615193
2021_21_CIN_KC,2021,21,KC,CIN,2022-01-30,7.0,9.473428,9.99535,7.907661,8.829665755349469
2021_21_SF_LA,2021,21,LA,SF,2022-01-30,3.5,-0.010854721,1.382868,-4.1920233,1.1300553452281148
2021_22_LA_CIN,2021,22,CIN,LA,2022-02-13,-4.5,-5.382559,-5.69376,-4.448955,-5.056450179155882
2022_01_BUF_LA,2022,1,LA,BUF,2022-09-08,-1.0,-0.42819262,-0.0044862144,-1.6993119,-0.1059585437634013
2022_01_NO_ATL,2022,1,ATL,NO,2022-09-11,-6.0,-3.3989134,-4.070861,-1.3830708,-1.8232821994435704
2022_01_CLE_CAR,2022,1,CAR,CLE,2022-09-11,2.5,-2.5018635,-3.3488605,0.03912711,-2.52000500449423
2022_01_SF_CHI,2022,1,CHI,SF,2022-09-11,-6.5,-10.18509,-9.732049,-11.544213,-7.621652290950502
2022_01_PIT_CIN,2022,1,CIN,PIT,2022-09-11,7.5,4.3146534,4.4382324,3.9439173,1.4317663126657572
2022_01_PHI_DET,2022,1,DET,PHI,2022-09-11,-6.0,-8.783366,-9.500746,-6.6312275,-7.580340188860333
2022_01_IND_HOU,2022,1,HOU,IND,2022-09-11,-7.0,-6.7171745,-6.811253,-6.4349394,-6.201614528316368
2022_01_NE_MIA,2022,1,MIA,NE,2022-09-11,3.0,3.033615,4.0091662,0.106962085,3.1172761521280954
2022_01_BAL_NYJ,2022,1,NYJ,BAL,2022-09-11,-6.5,-8.878722,-9.336266,-7.506093,-7.9092038453545435
2022_01_JAX_WAS,2022,1,WAS,JAX,2022-09-11,3.0,1.8138688,1.9512647,1.401681,0.15033378011910212
2022_01_KC_ARI,2022,1,ARI,KC,2022-09-11,-6.0,-11.417147,-11.831559,-10.173906,-11.24949337233642
2022_01_LV_LAC,2022,1,LAC,LV,2022-09-11,3.5,6.0629077,6.421874,4.986009,5.185606764471085
2022_01_GB_MIN,2022,1,MIN,GB,2022-09-11,2.5,-2.6395826,-2.9032426,-1.8486027,-1.3322080509547
2022_01_NYG_TEN,2022,1,TEN,NYG,2022-09-11,5.5,7.4748526,7.0817146,8.654266,6.579925158923049
2022_01_TB_DAL,2022,1,DAL,TB,2022-09-11,-2.5,0.65509653,1.0973765,-0.6717435,2.1544251361019198
2022_01_DEN_SEA,2022,1,SEA,DEN,2022-09-12,-6.0,-1.8358868,-1.2374272,-3.6312656,-0.06861018035733701
2022_02_LAC_KC,2022,2,KC,LAC,2022-09-15,4.0,4.969675,5.516668,3.3286974,5.158377336258623
2022_02_MIA_BAL,2022,2,BAL,MIA,2022-09-18,3.0,8.297916,8.67029,7.1807947,7.768435277128138
2022_02_NYJ_CLE,2022,2,CLE,NYJ,2022-09-18,6.5,9.8878,10.026948,9.470357,9.74270489042387
2022_02_WAS_DET,2022,2,DET,WAS,2022-09-18,-1.0,-1.6841266,-1.55353,-2.0759163,-1.7294977625838188
2022_02_IND_JAX,2022,2,JAX,IND,2022-09-18,-3.0,2.7106094,2.88246,2.1950564,4.20802809483488
2022_02_TB_NO,2022,2,NO,TB,2022-09-18,-2.5,1.7452763,2.9970453,-2.0100303,2.6567767529881525
2022_02_CAR_NYG,2022,2,NYG,CAR,2022-09-18,-1.0,1.1149673,1.4236313,0.1889751,2.1237222124875124
2022_02_NE_PIT,2022,2,PIT,NE,2022-09-18,-3.0,-5.3914948,-4.612024,-7.729909,-2.6206527068281424
2022_02_ATL_LA,2022,2,LA,ATL,2022-09-18,10.5,12.28155,12.786584,10.766448,10.92225263493573
2022_02_SEA_SF,2022,2,SF,SEA,2022-09-18,8.5,5.132043,4.768326,6.2231936,3.185656466056997
2022_02_CIN_DAL,2022,2,DAL,CIN,2022-09-18,-7.5,-5.2020297,-4.8464017,-6.2689133,-2.9068863669543377
2022_02_HOU_DEN,2022,2,DEN,HOU,2022-09-18,10.5,7.66424,7.7625093,7.3694296,7.874946240390717
2022_02_ARI_LV,2022,2,LV,ARI,2022-09-18,5.5,4.8111506,4.4849205,5.789841,4.775797154330619
2022_02_CHI_GB,2022,2,GB,CHI,2022-09-18,10.5,11.085394,11.547542,9.698953,7.4563956478437925
2022_02_TEN_BUF,2022,2,BUF,TEN,2022-09-19,10.0,10.120827,9.336051,12.475154,8.69104677899109
2022_02_MIN_PHI,2022,2,PHI,MIN,2022-09-19,2.5,-1.3950766,-1.750715,-0.3281616,-0.8723840122507726
2022_03_PIT_CLE,2022,3,CLE,PIT,2022-09-22,4.5,2.5708094,2.5694642,2.5748448,1.2039929869914536
2022_03_NO_CAR,2022,3,CAR,NO,2022-09-25,-2.0,-4.1268954,-3.7357843,-5.300229,-3.504699262807467
2022_03_HOU_CHI,2022,3,CHI,HOU,2022-09-25,3.0,4.40816,3.8712041,6.0190287,3.76814474975288
2022_03_KC_IND,2022,3,IND,KC,2022-09-25,-4.5,-3.6404576,-3.078421,-5.3265667,-3.007949136704699
2022_03_BUF_MIA,2022,3,MIA,BUF,2022-09-25,-4.0,-0.62129366,-0.2687979,-1.6787809,-1.6641009914447964
2022_03_DET_MIN,2022,3,MIN,DET,2022-09-25,6.5,-1.1477485,-1.3643813,-0.49784982,0.2506103678457263
2022_03_BAL_NE,2022,3,NE,BAL,2022-09-25,-2.5,1.3762559,1.7061834,0.3864733,1.6794928647816945
2022_03_CIN_NYJ,2022,3,NYJ,CIN,2022-09-25,-6.5,-7.730472,-7.868366,-7.3167915,-7.203508460492643
2022_03_LV_TEN,2022,3,TEN,LV,2022-09-25,-1.5,5.189994,5.882204,3.1133637,5.573651491159125
2022_03_PHI_WAS,2022,3,WAS,PHI,2022-09-25,-6.0,-8.418384,-9.037428,-6.5612497,-6.467757382715839
2022_03_JAX_LAC,2022,3,LAC,JAX,2022-09-25,6.5,-0.3739922,-0.9802731,1.4448504,1.1610939584070246
2022_03_LA_ARI,2022,3,ARI,LA,2022-09-25,-3.5,-5.3658953,-5.2550197,-5.6985235,-6.813702883718456
2022_03_ATL_SEA,2022,3,SEA,ATL,2022-09-25,1.0,5.0306406,5.5522995,3.4656649,4.741522072678543
2022_03_GB_TB,2022,3,TB,GB,2022-09-25,1.0,0.26992798,1.055544,-2.0869203,-0.27652000462481835
2022_03_SF_DEN,2022,3,DEN,SF,2022-09-25,-1.0,-2.795913,-2.6876032,-3.120842,-3.445833612753531
2022_03_DAL_NYG,2022,3,NYG,DAL,2022-09-26,1.0,-3.4252706,-3.4755254,-3.2745051,-1.1142691039765715
2022_04_MIA_CIN,2022,4,CIN,MIA,2022-09-29,4.0,-0.16142029,-0.27178478,0.1696732,-1.3673819715118727
2022_04_MIN_NO,2022,4,NO,MIN,2022-10-02,-4.0,-3.8045309,-2.62303,-7.3490334,-2.743516818947145
2022_04_CLE_ATL,2022,4,ATL,CLE,2022-10-02,-1.0,-2.4854577,-2.4586573,-2.5658588,-3.2720234647561552
2022_04_BUF_BAL,2022,4,BAL,BUF,2022-10-02,-3.0,-4.7113585,-4.3920684,-5.66923,-3.8371223267809746
2022_04_WAS_DAL,2022,4,DAL,WAS,2022-10-02,3.0,4.0839376,4.167742,3.8325243,2.5845528334016485
2022_04_SEA_DET,2022,4,DET,SEA,2022-10-02,3.0,-4.6234503,-4.559314,-4.815859,-3.7578093141464803
2022_04_LAC_HOU,2022,4,HOU,LAC,2022-10-02,-5.5,-7.634414,-8.524456,-4.9642887,-7.546382224047414
2022_04_TEN_IND,2022,4,IND,TEN,2022-10-02,4.5,-2.127314,-2.8041174,-0.096903324,-3.6563289597631066
2022_04_CHI_NYG,2022,4,NYG,CHI,2022-10-02,3.0,1.9751111,1.7244993,2.7269464,2.246771375444618
2022_04_JAX_PHI,2022,4,PHI,JAX,2022-10-02,6.5,5.5062585,5.1459703,6.5871224,6.587948746558785
2022_04_NYJ_PIT,2022,4,PIT,NYJ,2022-10-02,3.0,8.658443,8.845857,8.096204,8.994390019529764
2022_04_ARI_CAR,2022,4,CAR,ARI,2022-10-02,1.0,-1.7105007,-2.3256972,0.13508892,-2.3172582722106574
2022_04_NE_GB,2022,4,GB,NE,2022-10-02,10.0,7.407983,7.570491,6.920459,6.909858072139464
2022_04_DEN_LV,2022,4,LV,DEN,2022-10-02,2.5,-0.99153745,-1.4215127,0.29838836,-1.4881783057985016
2022_04_KC_TB,2022,4,TB,KC,2022-10-02,1.0,-0.23533678,0.12486382,-1.3159386,-0.07293647166741145
2022_04_LA_SF,2022,4,SF,LA,2022-10-03,1.0,3.3489184,3.1945992,3.8118768,2.3005860107548823
2022_05_IND_DEN,2022,5,DEN,IND,2022-10-06,3.5,3.8129563,4.0614877,3.0673616,3.7739951204975006
2022_05_NYG_GB,2022,5,GB,NYG,2022-10-09,8.5,10.258145,10.365916,9.934833,7.849849785890419
2022_05_PIT_BUF,2022,5,BUF,PIT,2022-10-09,14.0,17.101398,16.626896,18.524908,13.115629785374143
2022_05_LAC_CLE,2022,5,CLE,LAC,2022-10-09,-1.0,3.6696093,3.8246906,3.204366,5.405444834822209
2022_05_HOU_JAX,2022,5,JAX,HOU,2022-10-09,7.0,12.357016,12.482522,11.980497,12.558726026079286
2022_05_CHI_MIN,2022,5,MIN,CHI,2022-10-09,10.0,12.362417,12.627373,11.567552,11.322189322614706
2022_05_DET_NE,2022,5,NE,DET,2022-10-09,3.0,9.748596,9.984471,9.040972,7.418039453239896
2022_05_SEA_NO,2022,5,NO,SEA,2022-10-09,5.5,-0.36273152,-1.232989,2.248041,0.9627759817873656
2022_05_MIA_NYJ,2022,5,NYJ,MIA,2022-10-09,-3.0,-4.1517863,-4.0851355,-4.351739,-4.177753291617278
2022_05_ATL_TB,2022,5,TB,ATL,2022-10-09,10.5,10.150854,9.789207,11.235796,8.945283240048647
2022_05_TEN_WAS,2022,5,WAS,TEN,2022-10-09,-1.0,-3.787728,-4.3945136,-1.9673721,-2.4365029317093407
2022_05_SF_CAR,2022,5,CAR,SF,2022-10-09,-6.0,-10.332428,-10.757759,-9.056437,-8.177318293884007
2022_05_PHI_ARI,2022,5,ARI,PHI,2022-10-09,-5.5,-9.337346,-9.931578,-7.5546503,-9.567615325267559
2022_05_DAL_LA,2022,5,LA,DAL,2022-10-09,5.5,4.2929506,3.9941275,5.1894193,4.964386997865203
2022_05_CIN_BAL,2022,5,BAL,CIN,2022-10-09,3.0,2.6176634,2.6339543,2.5687907,3.150458092586229
2022_05_LV_KC,2022,5,KC,LV,2022-10-10,7.5,8.365591,8.790636,7.0904574,8.030985940037878
2022_06_WAS_CHI,2022,6,CHI,WAS,2022-10-13,-1.0,-1.5297976,-1.394466,-1.9357921,-2.247969647309809
2022_06_SF_ATL,2022,6,ATL,SF,2022-10-16,-3.5,-6.375835,-5.422436,-9.236031,-3.7165130172847305
2022_06_NE_CLE,2022,6,CLE,NE,2022-10-16,2.5,1.0798951,1.0720645,1.103387,0.6166841720682358
2022_06_NYJ_GB,2022,6,GB,NYJ,2022-10-16,7.5,7.678091,7.392885,8.53371,7.222937054242133
2022_06_JAX_IND,2022,6,IND,JAX,2022-10-16,1.0,4.611432,4.538946,4.828889,4.595179119299346
2022_06_MIN_MIA,2022,6,MIA,MIN,2022-10-16,-3.0,-3.1066117,-2.168801,-5.9200444,-2.1160540740970686
2022_06_CIN_NO,2022,6,NO,CIN,2022-10-16,-3.0,-2.7274194,-2.4646833,-3.5156274,-3.0736277454022853
2022_06_BAL_NYG,2022,6,NYG,BAL,2022-10-16,-5.5,-3.1845088,-4.125276,-0.36220753,-2.989580865739271
2022_06_TB_PIT,2022,6,PIT,TB,2022-10-16,-10.0,-7.866642,-7.620742,-8.604344,-5.975998959222477
2022_06_CAR_LA,2022,6,LA,CAR,2022-10-16,10.0,11.705814,11.353781,12.761915,10.37466687455515
2022_06_ARI_SEA,2022,6,SEA,ARI,2022-10-16,-2.5,1.8370402,2.5712776,-0.365672,1.028804608351715
2022_06_BUF_KC,2022,6,KC,BUF,2022-10-16,-2.5,0.6873032,1.6572055,-2.2224035,2.2694285872335476
2022_06_DAL_PHI,2022,6,PHI,DAL,2022-10-16,6.5,2.2837577,3.2463331,-0.60396826,5.794521738069974
2022_06_DEN_LAC,2022,6,LAC,DEN,2022-10-17,3.5,4.066484,4.6645956,2.272149,4.867212725529107
2022_07_NO_ARI,2022,7,ARI,NO,2022-10-20,2.5,-5.01866,-6.022154,-2.0081792,-4.612406508697941
2022_07_CLE_BAL,2022,7,BAL,CLE,2022-10-23,6.5,5.9257436,5.644377,6.769842,6.770137016291428
2022_07_TB_CAR,2022,7,CAR,TB,2022-10-23,-13.0,-9.887009,-8.125587,-15.171274,-8.283356309804415
2022_07_ATL_CIN,2022,7,CIN,ATL,2022-10-23,6.5,2.8079727,2.1528049,4.773476,1.9253054776661274
2022_07_DET_DAL,2022,7,DAL,DET,2022-10-23,7.0,8.555046,8.3349085,9.215458,8.587044598580547
2022_07_NYG_JAX,2022,7,JAX,NYG,2022-10-23,3.0,7.8790064,8.550728,5.8638425,4.781603677820647
2022_07_IND_TEN,2022,7,TEN,IND,2022-10-23,2.5,2.5109596,2.371891,2.928165,1.313858847473227
2022_07_GB_WAS,2022,7,WAS,GB,2022-10-23,-4.0,-8.735822,-8.39365,-9.762338,-8.184367937100975
2022_07_NYJ_DEN,2022,7,DEN,NYJ,2022-10-23,-2.0,-1.4269103,-1.4525412,-1.3500174,-0.8486783986219488
2022_07_HOU_LV,2022,7,LV,HOU,2022-10-23,7.0,6.5363026,6.6517506,6.1899576,5.502902460237395
2022_07_SEA_LAC,2022,7,LAC,SEA,2022-10-23,5.5,4.7115006,4.0788774,6.6093707,3.9380663594974648
2022_07_KC_SF,2022,7,SF,KC,2022-10-23,-1.0,2.6673799,3.363668,0.5785155,2.635239317109805
2022_07_PIT_MIA,2022,7,MIA,PIT,2022-10-23,7.5,10.082602,10.6084585,8.50503,10.63072373764596
2022_07_CHI_NE,2022,7,NE,CHI,2022-10-24,9.5,9.155306,9.310599,8.689428,7.7520778001485695
2022_08_BAL_TB,2022,8,TB,BAL,2022-10-27,2.0,-2.683817,-3.3256555,-0.7583009,-1.735720460245632
2022_08_DEN_JAX,2022,8,JAX,DEN,2022-10-30,1.0,-0.07948607,-0.09055821,-0.046269655,0.7542093811347239
2022_08_CAR_ATL,2022,8,ATL,CAR,2022-10-30,4.5,3.8325903,2.8999724,6.6304445,3.174877366102269
2022_08_CHI_DAL,2022,8,DAL,CHI,2022-10-30,10.5,12.586105,12.738332,12.129426,10.013771262907905
2022_08_MIA_DET,2022,8,DET,MIA,2022-10-30,-3.5,-3.5598984,-3.2072718,-4.617778,-3.6517288363198324
2022_08_ARI_MIN,2022,8,MIN,ARI,2022-10-30,4.0,7.641218,7.312896,8.626186,6.865666491455179
2022_08_LV_NO,2022,8,NO,LV,2022-10-30,-1.0,2.948656,3.567635,1.0917192,4.56229507945188
2022_08_NE_NYJ,2022,8,NYJ,NE,2022-10-30,-3.0,-5.4846888,-5.93455,-4.1351047,-5.562722926581876
2022_08_PIT_PHI,2022,8,PHI,PIT,2022-10-30,11.0,10.526142,10.761458,9.820195,8.70475987632368
2022_08_TEN_HOU,2022,8,HOU,TEN,2022-10-30,-1.0,-2.3845904,-3.2255218,0.13820326,-3.0583003040626804
2022_08_WAS_IND,2022,8,IND,WAS,2022-10-30,3.0,3.2595446,3.4189534,2.7813177,1.792939503940204
2022_08_SF_LA,2022,8,LA,SF,2022-10-30,-1.0,-3.0449414,-2.671314,-4.1658235,-0.6032241824781741
2022_08_NYG_SEA,2022,8,SEA,NYG,2022-10-30,3.0,4.8301272,5.144789,3.8861403,1.4236545980984123
2022_08_GB_BUF,2022,8,BUF,GB,2022-10-30,10.5,9.969654,10.246165,9.14012,8.725056743440883
2022_08_CIN_CLE,2022,8,CLE,CIN,2022-10-31,-3.0,-2.9552245,-2.6951509,-3.7354445,-3.858121306390406
2022_09_PHI_HOU,2022,9,HOU,PHI,2022-11-03,-14.0,-10.783946,-9.948076,-13.291556,-9.073350973732673
2022_09_LAC_ATL,2022,9,ATL,LAC,2022-11-06,-2.5,-6.2627974,-6.253662,-6.290202,-6.1991210201722495
2022_09_MIA_CHI,2022,9,CHI,MIA,2022-11-06,-4.0,-5.6052146,-4.9741015,-7.498554,-4.88967784045088
2022_09_CAR_CIN,2022,9,CIN,CAR,2022-11-06,7.0,5.8743043,6.2334414,4.7968917,4.519287720544394
2022_09_GB_DET,2022,9,DET,GB,2022-11-06,-4.0,0.19039857,1.3370959,-3.2496934,0.29590082324607203
2022_09_LV_JAX,2022,9,JAX,LV,2022-11-06,-2.5,-0.22859883,0.33767846,-1.9274307,0.5347549439346756
2022_09_IND_NE,2022,9,NE,IND,2022-11-06,5.0,4.43556,4.6275325,3.859643,3.961456702516774
2022_09_BUF_NYJ,2022,9,NYJ,BUF,2022-11-06,-11.0,-9.874348,-9.811806,-10.061972,-9.443443765781158
2022_09_MIN_WAS,2022,9,WAS,MIN,2022-11-06,-3.0,-2.3069737,-1.8944396,-3.5445762,-2.4172283373140155
2022_09_SEA_ARI,2022,9,ARI,SEA,2022-11-06,1.5,-2.4076452,-3.372662,0.48740613,-2.662823898075949
2022_09_LA_TB,2022,9,TB,LA,2022-11-06,3.0,0.47965145,0.534754,0.31434393,-1.4207339739234508
2022_09_TEN_KC,2022,9,KC,TEN,2022-11-06,14.0,12.647919,12.26795,13.787826,10.277957238374311
2022_09_BAL_NO,2022,9,NO,BAL,2022-11-07,-1.0,-1.3027123,-0.9867188,-2.2506928,0.1029624984954423
2022_10_ATL_CAR,2022,10,CAR,ATL,2022-11-10,-2.5,-2.8379612,-2.3953788,-4.165708,-2.3381847009439403
2022_10_SEA_TB,2022,10,TB,SEA,2022-11-13,2.5,5.801959,5.3469744,7.166913,5.249399768327747
2022_10_MIN_BUF,2022,10,BUF,MIN,2022-11-13,6.5,5.412958,5.7031097,4.5425024,5.125659787817917
2022_10_DET_CHI,2022,10,CHI,DET,2022-11-13,3.0,0.942641,1.2183571,0.11549294,0.7815837378703266
2022_10_JAX_KC,2022,10,KC,JAX,2022-11-13,10.0,10.850006,10.187629,12.837139,9.351233760935973
2022_10_CLE_MIA,2022,10,MIA,CLE,2022-11-13,3.0,2.0523014,2.3150282,1.2641208,3.159705759948191
2022_10_HOU_NYG,2022,10,NYG,HOU,2022-11-13,5.5,6.7388353,6.7078633,6.8317504,7.239060840251164
2022_10_NO_PIT,2022,10,PIT,NO,2022-11-13,1.0,1.0307796,0.99572694,1.1359377,0.3277545831219435
2022_10_DEN_TEN,2022,10,TEN,DEN,2022-11-13,2.5,3.1158245,2.4776912,5.0302243,2.8435306672848104
2022_10_IND_LV,2022,10,LV,IND,2022-11-13,4.5,1.1717206,0.7978364,2.293373,0.44497025139278046
2022_10_DAL_GB,2022,10,GB,DAL,2022-11-13,-3.5,-5.5617476,-5.536723,-5.636821,-5.140681696124163
2022_10_ARI_LA,2022,10,LA,ARI,2022-11-13,3.5,5.6679263,6.463869,3.280098,4.847352715742045
2022_10_LAC_SF,2022,10,SF,LAC,2022-11-13,8.5,8.272024,8.113223,8.748426,7.693125541765365
2022_10_WAS_PHI,2022,10,PHI,WAS,2022-11-14,11.0,14.4413185,14.715247,13.6195345,12.423582924930797
2022_11_TEN_GB,2022,11,GB,TEN,2022-11-17,3.0,2.130921,2.1086051,2.1978688,0.9434401600002644
2022_11_CHI_ATL,2022,11,ATL,CHI,2022-11-20,3.0,2.639303,2.393307,3.3772907,1.9130070688760805
2022_11_CAR_BAL,2022,11,BAL,CAR,2022-11-20,13.0,16.772497,17.130627,15.698106,14.74033198712484
2022_11_CLE_BUF,2022,11,BUF,CLE,2022-11-20,7.5,8.956268,9.726798,6.6446795,9.11909316504029
2022_11_WAS_HOU,2022,11,HOU,WAS,2022-11-20,-3.0,-7.0605097,-7.325989,-6.2640734,-6.245846576925385
2022_11_PHI_IND,2022,11,IND,PHI,2022-11-20,-6.5,-6.159652,-6.5976543,-4.8456464,-6.191181268778251
2022_11_NYJ_NE,2022,11,NE,NYJ,2022-11-20,3.5,5.1323605,4.8467393,5.989224,4.874238309508872
2022_11_LA_NO,2022,11,NO,LA,2022-11-20,2.5,0.74138105,0.37818,1.8309844,-0.30763732284016754
2022_11_DET_NYG,2022,11,NYG,DET,2022-11-20,3.0,2.6387873,2.870243,1.9444203,4.273712284682709
2022_11_LV_DEN,2022,11,DEN,LV,2022-11-20,2.5,-2.9582767,-3.8065526,-0.41344965,-1.3840107817391534
2022_11_DAL_MIN,2022,11,MIN,DAL,2022-11-20,-1.5,-3.883906,-3.0471523,-6.394167,-2.1455617411181636
2022_11_CIN_PIT,2022,11,PIT,CIN,2022-11-20,-3.5,-2.1558647,-1.7243062,-3.4505405,-4.4688013465587755
2022_11_KC_LAC,2022,11,LAC,KC,2022-11-20,-5.5,-5.7607346,-5.556022,-6.3748713,-5.76114981789136
2022_11_SF_ARI,2022,11,ARI,SF,2022-11-21,-10.0,-12.861651,-11.92421,-15.673977,-11.441518381164723
2022_12_BUF_DET,2022,12,DET,BUF,2022-11-24,-10.0,-11.124645,-11.846107,-8.960264,-9.713016362463316
2022_12_NYG_DAL,2022,12,DAL,NYG,2022-11-24,10.5,15.311156,14.647736,17.301418,12.330470252050148
2022_12_NE_MIN,2022,12,MIN,NE,2022-11-24,2.5,1.9443008,1.9012176,2.0735502,4.005535383014645
2022_12_DEN_CAR,2022,12,CAR,DEN,2022-11-27,-1.0,3.5436747,3.804308,2.7617753,3.79164476754782
2022_12_TB_CLE,2022,12,CLE,TB,2022-11-27,-3.0,-1.3729243,-0.665879,-3.49406,-1.4567570890663717
2022_12_BAL_JAX,2022,12,JAX,BAL,2022-11-27,-3.5,-6.3745255,-6.678992,-5.4611263,-5.6587704858179615
2022_12_HOU_MIA,2022,12,MIA,HOU,2022-11-27,14.0,11.886839,12.239528,10.828775,10.629877012606421
2022_12_CHI_NYJ,2022,12,NYJ,CHI,2022-11-27,8.5,8.001654,7.6995296,8.908024,5.87068093742226
2022_12_CIN_TEN,2022,12,TEN,CIN,2022-11-27,-1.0,3.741451,5.038661,-0.15017915,1.7893210101849424
2022_12_ATL_WAS,2022,12,WAS,ATL,2022-11-27,3.5,8.127781,8.347041,7.470002,7.55849311895835
2022_12_LAC_ARI,2022,12,ARI,LAC,2022-11-27,-2.5,-0.74088764,-0.70726526,-0.84175503,-1.665876045735018
2022_12_LV_SEA,2022,12,SEA,LV,2022-11-27,4.0,7.079128,7.7598925,5.0368333,6.889729638847324
2022_12_LA_KC,2022,12,KC,LA,2022-11-27,16.5,18.243462,17.948195,19.129265,15.060668901869377
2022_12_NO_SF,2022,12,SF,NO,2022-11-27,9.5,5.9489374,5.9688206,5.8892884,6.271730028702654
2022_12_GB_PHI,2022,12,PHI,GB,2022-11-27,6.5,7.007135,6.9948835,7.04389,7.202560863322418
2022_12_PIT_IND,2022,12,IND,PIT,2022-11-28,2.5,-0.715858,-1.4656588,1.5335445,-1.1626750275272715
2022_13_BUF_NE,2022,13,NE,BUF,2022-12-01,-3.5,1.8446987,2.4284797,0.09335542,0.7969951063059519
2022_13_PIT_ATL,2022,13,ATL,PIT,2022-12-04,-1.0,-4.4934297,-4.0650206,-5.7786574,-3.3885550218783433
2022_13_DEN_BAL,2022,13,BAL,DEN,2022-12-04,9.5,12.909032,12.821611,13.171292,10.938045555843466
2022_13_GB_CHI,2022,13,CHI,GB,2022-12-04,-4.0,-4.0402,-3.5220702,-5.5945897,-3.568179852917135
2022_13_JAX_DET,2022,13,DET,JAX,2022-12-04,1.0,-1.0530214,-1.7089897,0.9148835,-1.604530703462062
2022_13_CLE_HOU,2022,13,HOU,CLE,2022-12-04,-7.5,-4.922023,-5.794951,-2.3032384,-4.402105304074079
2022_13_NYJ_MIN,2022,13,MIN,NYJ,2022-12-04,3.0,4.431286,4.2089477,5.0983014,3.3968761850399347
2022_13_WAS_NYG,2022,13,NYG,WAS,2022-12-04,-2.5,1.606214,1.8338305,0.9233649,3.888664539490702
2022_13_TEN_PHI,2022,13,PHI,TEN,2022-12-04,5.0,7.083782,6.7485056,8.089611,6.00704342659707
2022_13_SEA_LA,2022,13,LA,SEA,2022-12-04,-7.0,-8.205703,-8.476004,-7.3948,-8.060398162769358
2022_13_MIA_SF,2022,13,SF,MIA,2022-12-04,4.5,2.1193519,1.7485756,3.2316804,2.6277398070916895
2022_13_KC_CIN,2022,13,CIN,KC,2022-12-04,-2.5,-3.990841,-2.9950325,-6.978266,-3.409125852631723
2022_13_LAC_LV,2022,13,LV,LAC,2022-12-04,2.5,3.5584452,3.2257571,4.55651,3.4585160789329032
2022_13_IND_DAL,2022,13,DAL,IND,2022-12-04,11.0,13.310587,13.526723,12.662178,11.597885930841654
2022_13_NO_TB,2022,13,TB,NO,2022-12-05,3.5,2.5049767,2.6062033,2.2012973,1.870655524476171
2022_14_LV_LA,2022,14,LA,LV,2022-12-08,-6.5,-9.506965,-9.837853,-8.5142975,-7.680365876269211
2022_14_NYJ_BUF,2022,14,BUF,NYJ,2022-12-11,10.0,6.029752,5.9784493,6.1836576,6.138721158303952
2022_14_CLE_CIN,2022,14,CIN,CLE,2022-12-11,4.5,2.957528,2.9381762,3.0155838,2.7112140126308173
2022_14_HOU_DAL,2022,14,DAL,HOU,2022-12-11,17.0,10.410803,10.04911,11.495879,8.341400286216194
2022_14_MIN_DET,2022,14,DET,MIN,2022-12-11,2.5,6.122923,6.2425714,5.7639766,4.973290792354171
2022_14_PHI_NYG,2022,14,NYG,PHI,2022-12-11,-7.5,-8.151349,-8.168002,-8.101392,-7.611551599204686
2022_14_BAL_PIT,2022,14,PIT,BAL,2022-12-11,1.5,0.36754063,0.06200858,1.2841368,-0.8319595836165191
2022_14_JAX_TEN,2022,14,TEN,JAX,2022-12-11,3.0,-0.6731931,-0.8065668,-0.2730719,-0.647121153361767
2022_14_KC_DEN,2022,14,DEN,KC,2022-12-11,-8.5,-10.843148,-10.194236,-12.789886,-10.916904079292348
2022_14_CAR_SEA,2022,14,SEA,CAR,2022-12-11,3.5,5.7074347,6.066383,4.6305895,5.958792415988506
2022_14_TB_SF,2022,14,SF,TB,2022-12-11,3.5,5.3915634,6.126121,3.187891,6.5081735172494986
2022_14_MIA_LAC,2022,14,LAC,MIA,2022-12-11,-3.0,-4.650919,-4.6558485,-4.63613,-4.629015507406217
2022_14_NE_ARI,2022,14,ARI,NE,2022-12-12,-2.0,0.5911168,1.052705,-0.7936479,-0.8672724887482739
2022_15_SF_SEA,2022,15,SEA,SF,2022-12-15,-3.0,0.55647653,0.7411334,0.0025060177,0.8985588848231552
2022_15_IND_MIN,2022,15,MIN,IND,2022-12-17,3.5,4.488287,4.339324,4.9351764,5.741365965490579
2022_15_BAL_CLE,2022,15,CLE,BAL,2022-12-17,2.5,-0.2677235,-0.5715118,0.6436415,-1.0174286927712748
2022_15_MIA_BUF,2022,15,BUF,MIA,2022-12-17,7.0,5.7847877,5.794111,5.7568183,5.272179110061233
2022_15_PIT_CAR,2022,15,CAR,PIT,2022-12-18,2.5,-0.48862666,-1.5365186,2.655049,-0.1608224025563692
2022_15_PHI_CHI,2022,15,CHI,PHI,2022-12-18,-8.5,-12.53156,-12.208418,-13.500987,-11.38694040221083
2022_15_KC_HOU,2022,15,HOU,KC,2022-12-18,-14.5,-12.321689,-10.786791,-16.92638,-10.083423357504461
2022_15_DAL_JAX,2022,15,JAX,DAL,2022-12-18,-4.0,-4.7391887,-4.6993227,-4.858787,-6.059724376252016
2022_15_ATL_NO,2022,15,NO,ATL,2022-12-18,5.0,0.13352615,-0.75435686,2.7971752,1.9779050176085904
2022_15_DET_NYJ,2022,15,NYJ,DET,2022-12-18,2.0,-3.621818,-3.9386306,-2.671381,-3.020690719424711
2022_15_ARI_DEN,2022,15,DEN,ARI,2022-12-18,1.5,-1.6992147,-1.7306395,-1.6049405,-1.8213208559494658
2022_15_NE_LV,2022,15,LV,NE,2022-12-18,1.0,-3.1618705,-2.467455,-5.2451167,-0.11037198718722946
2022_15_TEN_LAC,2022,15,LAC,TEN,2022-12-18,3.0,1.0331153,0.56255674,2.4447908,0.5262348326528051
2022_15_CIN_TB,2022,15,TB,CIN,2022-12-18,-3.5,-1.3188174,-0.8383817,-2.7601247,-3.0036820818833636
2022_15_NYG_WAS,2022,15,WAS,NYG,2022-12-18,4.5,-1.3673913,-1.3578707,-1.3959533,-1.3880910493384104
2022_15_LA_GB,2022,15,GB,LA,2022-12-19,8.0,7.914109,8.56884,5.949917,6.133330563547694
2022_16_JAX_NYJ,2022,16,NYJ,JAX,2022-12-22,2.5,1.0142622,0.26671216,3.2569122,1.8280048772045754
2022_16_ATL_BAL,2022,16,BAL,ATL,2022-12-24,6.5,8.959873,8.72848,9.654052,8.564253260605524
2022_16_DET_CAR,2022,16,CAR,DET,2022-12-24,-2.5,3.9474976,4.1427436,3.3617601,3.337930843559673
2022_16_BUF_CHI,2022,16,CHI,BUF,2022-12-24,-8.0,-10.24458,-10.610355,-9.147255,-9.61313484855163
2022_16_NO_CLE,2022,16,CLE,NO,2022-12-24,3.0,-0.6450892,-0.20603837,-1.9622418,0.06252825308841659
2022_16_SEA_KC,2022,16,KC,SEA,2022-12-24,10.5,10.501237,10.696108,9.916622,9.619410120705815
2022_16_NYG_MIN,2022,16,MIN,NYG,2022-12-24,4.5,3.641263,4.1325407,2.1674297,3.380058369119732
2022_16_CIN_NE,2022,16,NE,CIN,2022-12-24,-3.0,1.8560183,2.8637629,-1.1672152,1.1931914959074024
2022_16_HOU_TEN,2022,16,TEN,HOU,2022-12-24,3.0,4.2481604,3.9805582,5.050968,3.8230030933655215
2022_16_WAS_SF,2022,16,SF,WAS,2022-12-24,6.5,6.6281495,7.0636177,5.3217454,8.217165991391738
2022_16_PHI_DAL,2022,16,DAL,PHI,2022-12-24,4.0,0.5716622,2.5591855,-5.390908,3.927533378323292
2022_16_LV_PIT,2022,16,PIT,LV,2022-12-24,2.5,5.166563,4.3267994,7.6858544,5.606883477524175
2022_16_GB_MIA,2022,16,MIA,GB,2022-12-25,3.5,1.4764653,1.779675,0.56683624,1.6004653733273886
2022_16_DEN_LA,2022,16,LA,DEN,2022-12-25,-3.0,5.4271283,6.337635,2.6956077,5.615942690849451
2022_16_TB_ARI,2022,16,ARI,TB,2022-12-25,-7.5,-9.275709,-8.666626,-11.102957,-7.658103458301112
2022_16_LAC_IND,2022,16,IND,LAC,2022-12-26,-3.5,-1.9728918,-1.2182261,-4.236889,-0.3524920675810225
2022_17_DAL_TEN,2022,17,TEN,DAL,2022-12-29,-14.0,-10.110907,-8.64966,-14.494646,-10.05105154175491
2022_17_ARI_ATL,2022,17,ATL,ARI,2023-01-01,7.0,4.1262965,3.9983995,4.5099874,2.461221160747862
2022_17_CHI_DET,2022,17,DET,CHI,2023-01-01,4.5,5.4072423,5.578069,4.8947616,4.644149400450272
2022_17_JAX_HOU,2022,17,HOU,JAX,2023-01-01,-3.5,-4.3581057,-4.76473,-3.1382322,-3.451277066976706
2022_17_DEN_KC,2022,17,KC,DEN,2023-01-01,13.5,17.116127,17.609783,15.635155,14.08391200819349
2022_17_MIA_NE,2022,17,NE,MIA,2023-01-01,3.0,2.5423026,2.7543297,1.9062217,1.6778918998507215
2022_17_IND_NYG,2022,17,NYG,IND,2023-01-01,5.5,9.047581,8.072959,11.971446,8.679421851996485
2022_17_NO_PHI,2022,17,PHI,NO,2023-01-01,5.5,11.374402,11.409677,11.268578,11.523751064638262
2022_17_CAR_TB,2022,17,TB,CAR,2023-01-01,3.5,-0.36182088,-0.9521374,1.4091287,-0.2465335294673907
2022_17_CLE_WAS,2022,17,WAS,CLE,2023-01-01,1.0,1.7041018,1.6169087,1.9656812,0.342189267846771
2022_17_SF_LV,2022,17,LV,SF,2023-01-01,-10.0,-9.010719,-9.153782,-8.5815325,-7.1524477046818395
2022_17_NYJ_SEA,2022,17,SEA,NYJ,2023-01-01,-1.0,0.6065488,1.3846658,-1.7278024,0.11288888744649174
2022_17_MIN_GB,2022,17,GB,MIN,2023-01-01,3.0,3.9055183,3.3467903,5.581702,2.299306488501316
2022_17_LA_LAC,2022,17,LAC,LA,2023-01-01,6.5,10.364551,10.439365,10.140106,9.128861690007698
2022_17_PIT_BAL,2022,17,BAL,PIT,2023-01-01,1.0,-1.0424658,-1.4380679,0.14434052,-1.2857404674153037
2022_18_KC_LV,2022,18,LV,KC,2023-01-07,-9.0,-8.899828,-9.336863,-7.588725,-7.469426383329824
2022_18_TEN_JAX,2022,18,JAX,TEN,2023-01-07,6.0,5.7491655,5.236789,7.286294,4.650363056436398
2022_18_TB_ATL,2022,18,ATL,TB,2023-01-08,6.0,0.71774864,0.19129092,2.2971218,-0.9257080483920592
2022_18_NE_BUF,2022,18,BUF,NE,2023-01-08,8.0,8.600678,9.135831,6.995219,8.14103924883683
2022_18_MIN_CHI,2022,18,CHI,MIN,2023-01-08,-6.5,-11.052328,-11.314208,-10.26669,-9.672068332474101
2022_18_BAL_CIN,2022,18,CIN,BAL,2023-01-08,11.0,9.205246,9.215283,9.175131,6.290723210991698
2022_18_HOU_IND,2022,18,IND,HOU,2023-01-08,3.0,4.1915207,4.472082,3.3498356,4.812897565853482
2022_18_NYJ_MIA,2022,18,MIA,NYJ,2023-01-08,3.5,0.5087173,0.8895009,-0.6336335,1.0212430481069976
2022_18_CAR_NO,2022,18,NO,CAR,2023-01-08,3.5,0.9644066,0.84902376,1.3105552,1.8765150224585117
2022_18_CLE_PIT,2022,18,PIT,CLE,2023-01-08,2.5,4.520756,4.4189906,4.826052,4.941656718954345
2022_18_LAC_DEN,2022,18,DEN,LAC,2023-01-08,6.0,-1.4218218,-1.568177,-0.9827565,-1.52222625078758
2022_18_NYG_PHI,2022,18,PHI,NYG,2023-01-08,16.5,15.910212,14.90874,18.914625,12.236448840249414
2022_18_LA_SEA,2022,18,SEA,LA,2023-01-08,5.5,1.3721973,1.4148498,1.2442398,1.9163957792262625
2022_18_ARI_SF,2022,18,SF,ARI,2023-01-08,14.0,13.463752,13.711191,12.721431,10.868665402219431
2022_18_DAL_WAS,2022,18,WAS,DAL,2023-01-08,-7.5,-7.297274,-8.047251,-5.0473437,-8.994800555022517
2022_18_DET_GB,2022,18,GB,DET,2023-01-08,5.5,4.2365394,4.1095634,4.6174674,4.267639527949087
2022_19_SEA_SF,2022,19,SF,SEA,2023-01-14,10.0,8.61958,8.613742,8.637097,7.483066153852945
2022_19_LAC_JAX,2022,19,JAX,LAC,2023-01-14,-2.0,-1.542367,-1.1260731,-2.7912488,-1.2164706318370655
2022_19_MIA_BUF,2022,19,BUF,MIA,2023-01-15,14.0,11.902404,11.443544,13.278979,8.69065043121406
2022_19_NYG_MIN,2022,19,MIN,NYG,2023-01-15,2.5,7.027996,7.375664,5.98499,6.30982084174714
2022_19_BAL_CIN,2022,19,CIN,BAL,2023-01-15,7.5,8.628215,8.354367,9.449757,6.797456427073297
2022_19_DAL_TB,2022,19,TB,DAL,2023-01-16,-2.5,-3.2210143,-3.2974124,-2.9918203,-3.6498291881088463
2022_20_JAX_KC,2022,20,KC,JAX,2023-01-21,10.0,12.951267,11.655799,16.837673,10.81311918866432
2022_20_NYG_PHI,2022,20,PHI,NYG,2023-01-21,8.0,10.794111,10.6677885,11.173082,8.535035911018507
2022_20_CIN_BUF,2022,20,BUF,CIN,2023-01-22,6.0,6.3792357,5.8205695,8.055235,5.76589768113524
2022_20_DAL_SF,2022,20,SF,DAL,2023-01-22,3.5,6.2055693,6.272464,6.0048857,6.315787714055889
2022_21_SF_PHI,2022,21,PHI,SF,2023-01-29,2.5,5.959722,5.9087477,6.112646,6.312884806663447
2022_21_CIN_KC,2022,21,KC,CIN,2023-01-29,2.0,3.3639169,2.9678621,4.552081,3.990423273363221
2022_22_KC_PHI,2022,22,PHI,KC,2023-02-12,1.0,-2.824663,-2.418108,-4.0443277,-1.816654015314971
2023_01_DET_KC,2023,1,KC,DET,2023-09-07,4.0,9.270559,9.1505,9.630737,7.514931006115032
2023_01_CAR_ATL,2023,1,ATL,CAR,2023-09-10,3.5,0.7212951,0.15605679,2.41701,0.6938856365098778
2023_01_HOU_BAL,2023,1,BAL,HOU,2023-09-10,9.5,9.251386,9.100259,9.704765,8.019311564489861
2023_01_CIN_CLE,2023,1,CLE,CIN,2023-09-10,-1.0,-1.3836393,-1.5363697,-0.9254482,-1.9176086901735063
2023_01_JAX_IND,2023,1,IND,JAX,2023-09-10,-4.0,-4.793173,-4.3973656,-5.9805937,-4.007090496395206
2023_01_TB_MIN,2023,1,MIN,TB,2023-09-10,4.0,5.0146313,5.189057,4.491355,6.251425148749849
2023_01_TEN_NO,2023,1,NO,TEN,2023-09-10,3.0,2.381627,2.2846992,2.672411,2.2128840154693066
2023_01_SF_PIT,2023,1,PIT,SF,2023-09-10,-1.5,0.34252352,0.018317271,1.3151423,1.2444976871905424
2023_01_ARI_WAS,2023,1,WAS,ARI,2023-09-10,7.0,5.974084,6.572965,4.177441,5.031596976387058
2023_01_GB_CHI,2023,1,CHI,GB,2023-09-10,1.0,-2.9978404,-2.5586336,-4.315461,-3.2020372557577446
2023_01_LV_DEN,2023,1,DEN,LV,2023-09-10,3.0,-1.0033053,-0.23188394,-3.3175695,0.07734726090034036
2023_01_MIA_LAC,2023,1,LAC,MIA,2023-09-10,3.0,-1.5540941,-0.90702623,-3.4952977,-0.2273167530249039
2023_01_PHI_NE,2023,1,NE,PHI,2023-09-10,-3.5,-5.9893017,-5.8968368,-6.266697,-4.81561244998568
2023_01_LA_SEA,2023,1,SEA,LA,2023-09-10,4.5,-1.4243252,-0.72050405,-3.5357888,-1.2530718215613854
2023_01_DAL_NYG,2023,1,NYG,DAL,2023-09-10,-3.5,-4.649153,-4.6967907,-4.506241,-4.5166727403770786
2023_01_BUF_NYJ,2023,1,NYJ,BUF,2023-09-11,-2.5,-3.5654047,-2.993155,-5.282153,-3.37956800422554
2023_02_MIN_PHI,2023,2,PHI,MIN,2023-09-14,6.0,6.9790425,6.400744,8.713938,6.54692527776602
2023_02_GB_ATL,2023,2,ATL,GB,2023-09-17,3.0,-0.844159,-1.2182542,0.27812672,-1.272122660199966
2023_02_LV_BUF,2023,2,BUF,LV,2023-09-17,7.5,2.370247,3.185132,-0.07440901,3.571843840056191
2023_02_BAL_CIN,2023,2,CIN,BAL,2023-09-17,3.5,-0.17404848,-0.2552048,0.06942046,-0.4722891446161239
2023_02_SEA_DET,2023,2,DET,SEA,2023-09-17,4.5,5.2096777,4.763805,6.5472965,4.690907150798624
2023_02_IND_HOU,2023,2,HOU,IND,2023-09-17,-1.0,-4.509944,-3.776386,-6.710618,-4.13303598027243
2023_02_KC_JAX,2023,2,JAX,KC,2023-09-17,-3.5,-5.2093887,-5.4531736,-4.478035,-5.403884309327634
2023_02_CHI_TB,2023,2,TB,CHI,2023-09-17,2.5,3.528572,3.5583916,3.4391136,4.526555098247698
2023_02_LAC_TEN,2023,2,TEN,LAC,2023-09-17,-2.5,-2.8830628,-2.0052106,-5.5166197,-1.50742284933836
2023_02_NYG_ARI,2023,2,ARI,NYG,2023-09-17,-5.0,0.3381561,1.3245528,-2.621034,1.0088070646916074
2023_02_SF_LA,2023,2,LA,SF,2023-09-17,-7.5,-6.6422625,-7.577034,-3.837948,-6.456908036072678
2023_02_NYJ_DAL,2023,2,DAL,NYJ,2023-09-17,8.5,8.911049,9.498788,7.147831,8.807368764639527
2023_02_WAS_DEN,2023,2,DEN,WAS,2023-09-17,4.0,4.171588,4.8514485,2.1320057,4.236431736384322
2023_02_MIA_NE,2023,2,NE,MIA,2023-09-17,-2.0,-2.6174989,-2.1391215,-4.0526314,-0.5995886144680397
2023_02_NO_CAR,2023,2,CAR,NO,2023-09-18,-3.0,-1.8470979,-0.9490074,-4.5413694,-1.5290091393691667
2023_02_CLE_PIT,2023,2,PIT,CLE,2023-09-18,-2.5,3.475133,3.8750298,2.2754424,3.903386400922756
2023_03_NYG_SF,2023,3,SF,NYG,2023-09-21,10.5,10.490882,11.46898,7.556588,9.978927263623989
2023_03_IND_BAL,2023,3,BAL,IND,2023-09-24,7.5,6.8315907,7.1964,5.7371607,5.831905510670428
2023_03_TEN_CLE,2023,3,CLE,TEN,2023-09-24,3.5,2.726471,2.6788576,2.8693113,2.661622412448832
2023_03_ATL_DET,2023,3,DET,ATL,2023-09-24,3.0,8.04846,7.986588,8.234074,6.399183657370106
2023_03_NO_GB,2023,3,GB,NO,2023-09-24,-1.5,1.6125474,2.6450677,-1.4850137,2.5395912162586938
2023_03_HOU_JAX,2023,3,JAX,HOU,2023-09-24,7.5,10.127609,10.794523,8.126867,9.401378823102624
2023_03_DEN_MIA,2023,3,MIA,DEN,2023-09-24,6.0,8.924362,8.79957,9.2987385,7.776745670821185
2023_03_LAC_MIN,2023,3,MIN,LAC,2023-09-24,1.0,-2.5744996,-2.60278,-2.489658,-1.736826152463848
2023_03_NE_NYJ,2023,3,NYJ,NE,2023-09-24,-2.5,-5.6225214,-4.824731,-8.015893,-5.948246972292414
2023_03_BUF_WAS,2023,3,WAS,BUF,2023-09-24,-5.5,-11.20758,-11.828768,-9.344012,-9.81155724300124
2023_03_CAR_SEA,2023,3,SEA,CAR,2023-09-24,5.0,4.167652,4.1280413,4.286484,4.247993382328734
2023_03_DAL_ARI,2023,3,ARI,DAL,2023-09-24,-11.5,-7.7240257,-6.8675256,-10.293526,-7.423005653642096
2023_03_CHI_KC,2023,3,KC,CHI,2023-09-24,13.0,15.780287,16.420952,13.858292,14.472433003016949
2023_03_PIT_LV,2023,3,LV,PIT,2023-09-24,3.0,-0.117633104,-0.6206367,1.3913777,-0.44912256453550475
2023_03_PHI_TB,2023,3,TB,PHI,2023-09-25,-6.0,-6.3955917,-6.8830523,-4.9332113,-7.415862357814645
2023_03_LA_CIN,2023,3,CIN,LA,2023-09-25,3.0,-0.8043927,-1.6098969,1.6121202,-1.4827658198754876
2023_04_DET_GB,2023,4,GB,DET,2023-09-28,-2.5,-1.1405637,-0.70186645,-2.4566553,-0.25931717207584937
2023_04_ATL_JAX,2023,4,JAX,ATL,2023-10-01,3.5,2.9900455,2.7309506,3.7673304,2.13834178096102
2023_04_MIA_BUF,2023,4,BUF,MIA,2023-10-01,2.5,1.6452928,1.7234029,1.4109623,2.960901957753875
2023_04_MIN_CAR,2023,4,CAR,MIN,2023-10-01,-4.5,-5.0884466,-5.4905505,-3.8821352,-4.992200594824171
2023_04_DEN_CHI,2023,4,CHI,DEN,2023-10-01,-3.0,-5.1383047,-4.3255706,-7.5765066,-4.154307791971799
2023_04_BAL_CLE,2023,4,CLE,BAL,2023-10-01,-2.0,-0.34070677,-0.3286038,-0.3770156,0.41198610858112916
2023_04_PIT_HOU,2023,4,HOU,PIT,2023-10-01,-3.0,4.122092,5.150941,1.0355442,4.575164132022198
2023_04_LA_IND,2023,4,IND,LA,2023-10-01,-1.0,0.12287158,0.5668656,-1.2091105,1.8607503811364803
2023_04_TB_NO,2023,4,NO,TB,2023-10-01,4.0,2.6952186,2.245546,4.0442357,2.114141399397809
2023_04_WAS_PHI,2023,4,PHI,WAS,2023-10-01,9.5,7.0690794,6.907321,7.5543566,6.423203174143026
2023_04_CIN_TEN,2023,4,TEN,CIN,2023-10-01,-2.5,-1.6356474,-0.9399679,-3.722686,-0.92131173252668
2023_04_LV_LAC,2023,4,LAC,LV,2023-10-01,7.0,7.2382603,7.5766783,6.223008,6.975623348483791
2023_04_NE_DAL,2023,4,DAL,NE,2023-10-01,6.5,6.954954,7.105635,6.5029106,6.881031203817992
2023_04_ARI_SF,2023,4,SF,ARI,2023-10-01,15.0,11.339195,11.586717,10.596631,11.344019283882353
2023_04_KC_NYJ,2023,4,NYJ,KC,2023-10-01,-9.5,-9.57342,-9.13823,-10.878988,-10.750303193052195
2023_04_SEA_NYG,2023,4,NYG,SEA,2023-10-02,-2.5,-1.1268468,-0.963911,-1.6156545,-0.18636702724630982
2023_05_CHI_WAS,2023,5,WAS,CHI,2023-10-05,6.0,8.112187,8.460245,7.068015,5.936701941715945
2023_05_JAX_BUF,2023,5,BUF,JAX,2023-10-08,5.5,9.722,8.670927,12.875217,7.860359319523144
2023_05_HOU_ATL,2023,5,ATL,HOU,2023-10-08,2.5,-0.7691949,-1.8648461,2.5177586,-1.1015226118190282
2023_05_CAR_DET,2023,5,DET,CAR,2023-10-08,9.5,10.988639,10.751147,11.701115,9.682203333328685
2023_05_TEN_IND,2023,5,IND,TEN,2023-10-08,-2.5,-0.77229893,-0.48836982,-1.6240864,-1.0768487997707776
2023_05_NYG_MIA,2023,5,MIA,NYG,2023-10-08,12.5,13.5201,13.996739,12.090178,12.972662001700257
2023_05_NO_NE,2023,5,NE,NO,2023-10-08,2.5,1.8581055,1.4856453,2.9754863,1.7074652837292856
2023_05_BAL_PIT,2023,5,PIT,BAL,2023-10-08,-4.5,-2.5565708,-2.8208354,-1.763777,-2.0521282620266206
2023_05_CIN_ARI,2023,5,ARI,CIN,2023-10-08,-3.0,-1.9073287,-1.2722781,-3.8124807,-2.5236225141105555
2023_05_PHI_LA,2023,5,LA,PHI,2023-10-08,-3.5,-3.2231605,-3.1057348,-3.5754373,-2.479379191952953
2023_05_NYJ_DEN,2023,5,DEN,NYJ,2023-10-08,2.5,2.6977763,2.3082128,3.8664668,1.754843239264727
2023_05_KC_MIN,2023,5,MIN,KC,2023-10-08,-3.5,-2.2227426,-1.7341188,-3.6886137,-1.2672673409862945
2023_05_DAL_SF,2023,5,SF,DAL,2023-10-08,3.5,3.0914152,3.5853724,1.6095439,3.3168620370260533
2023_05_GB_LV,2023,5,LV,GB,2023-10-09,1.0,-1.0467706,-1.3839695,-0.035173178,-2.0805636930484863
2023_06_DEN_KC,2023,6,KC,DEN,2023-10-12,10.5,6.757006,6.9950085,6.0429993,5.67236401722412
2023_06_BAL_TEN,2023,6,TEN,BAL,2023-10-15,-5.5,-3.1706467,-2.8298125,-4.1931496,-2.4192793188961064
2023_06_WAS_ATL,2023,6,ATL,WAS,2023-10-15,1.5,-3.0009637,-3.1794567,-2.4654844,-2.9581250778279946
2023_06_MIN_CHI,2023,6,CHI,MIN,2023-10-15,-3.0,-3.505679,-3.212612,-4.38488,-3.4654243599943126
2023_06_SEA_CIN,2023,6,CIN,SEA,2023-10-15,3.0,0.7044395,0.37553832,1.6911432,0.0703425267414551
2023_06_SF_CLE,2023,6,CLE,SF,2023-10-15,-9.5,-8.66075,-8.537069,-9.031793,-9.095812886210759
2023_06_NO_HOU,2023,6,HOU,NO,2023-10-15,-2.0,1.6388694,1.9058616,0.83789283,0.8660107238329453
2023_06_IND_JAX,2023,6,JAX,IND,2023-10-15,4.0,2.120421,1.2448703,4.747072,0.9208909092949898
2023_06_CAR_MIA,2023,6,MIA,CAR,2023-10-15,14.0,17.747993,17.886879,17.331335,14.683300123436078
2023_06_NE_LV,2023,6,LV,NE,2023-10-15,3.0,6.630694,6.3328285,7.52429,6.6231342053482045
2023_06_ARI_LA,2023,6,LA,ARI,2023-10-15,7.0,5.577611,6.239268,3.59264,5.619621041763591
2023_06_PHI_NYJ,2023,6,NYJ,PHI,2023-10-15,-6.5,-8.012458,-8.238364,-7.3347397,-9.677449530868394
2023_06_DET_TB,2023,6,TB,DET,2023-10-15,-3.0,-1.1781634,-1.3001076,-0.8123307,-1.1836316340431459
2023_06_NYG_BUF,2023,6,BUF,NYG,2023-10-15,15.5,16.95468,15.901896,20.113028,12.88313320275694
2023_06_DAL_LAC,2023,6,LAC,DAL,2023-10-16,-1.5,1.3852592,1.3235431,1.5704074,0.2815270992689441
2023_07_JAX_NO,2023,7,NO,JAX,2023-10-19,2.5,-4.733892,-5.273724,-3.1143959,-4.839838060160158
2023_07_DET_BAL,2023,7,BAL,DET,2023-10-22,3.0,7.185643,6.487057,9.2814,5.955964966288021
2023_07_LV_CHI,2023,7,CHI,LV,2023-10-22,-2.5,-1.31111,-0.6797899,-3.2050703,-1.6363983619993872
2023_07_CLE_IND,2023,7,IND,CLE,2023-10-22,-3.5,1.2645867,2.021731,-1.0068462,1.6285545181731174
2023_07_BUF_NE,2023,7,NE,BUF,2023-10-22,-7.5,-10.558133,-10.660089,-10.252266,-11.695547469692384
2023_07_WAS_NYG,2023,7,NYG,WAS,2023-10-22,-3.0,-5.663184,-5.4080954,-6.4284525,-4.598985954523308
2023_07_ATL_TB,2023,7,TB,ATL,2023-10-22,3.0,2.475756,2.4230092,2.633996,2.1283219557455557
2023_07_PIT_LA,2023,7,LA,PIT,2023-10-22,3.5,0.5430377,1.199845,-1.4273841,1.4125110810566728
2023_07_ARI_SEA,2023,7,SEA,ARI,2023-10-22,9.5,11.082893,11.53019,9.741,11.390873085025733
2023_07_GB_DEN,2023,7,DEN,GB,2023-10-22,1.5,-2.7888565,-2.492218,-3.6787722,-4.061356105504683
2023_07_LAC_KC,2023,7,KC,LAC,2023-10-22,5.5,2.5923963,2.2416983,3.6444898,4.719104183514427
2023_07_MIA_PHI,2023,7,PHI,MIA,2023-10-22,3.0,0.20012939,0.06313546,0.61111116,1.6863436182729459
2023_07_SF_MIN,2023,7,MIN,SF,2023-10-23,-7.0,-2.7332873,-3.2797794,-1.0938113,-4.137547265982178
2023_08_TB_BUF,2023,8,BUF,TB,2023-10-26,10.0,10.650348,10.304587,11.687631,10.138163655362158
2023_08_HOU_CAR,2023,8,CAR,HOU,2023-10-29,-3.0,-2.18389,-2.4478421,-1.3920343,-1.8716077273633005
2023_08_LA_DAL,2023,8,DAL,LA,2023-10-29,6.5,4.976039,4.779598,5.5653615,4.316190149107095
2023_08_MIN_GB,2023,8,GB,MIN,2023-10-29,-1.0,-0.80242044,-0.7592041,-0.93206954,0.0008307084300499101
2023_08_NO_IND,2023,8,IND,NO,2023-10-29,-2.0,-0.31271964,0.06957244,-1.4595959,0.6398189534209947
2023_08_NE_MIA,2023,8,MIA,NE,2023-10-29,7.5,9.140306,9.757604,7.288415,11.167699069813363
2023_08_NYJ_NYG,2023,8,NYG,NYJ,2023-10-29,-3.0,-1.521517,-1.0684896,-2.8805997,-0.214292028382616
2023_08_JAX_PIT,2023,8,PIT,JAX,2023-10-29,-2.5,0.05298711,0.04147583,0.08752096,0.8709385948714954
2023_08_ATL_TEN,2023,8,TEN,ATL,2023-10-29,-2.5,0.033437967,0.9324985,-2.6637437,0.38156481735302256
2023_08_PHI_WAS,2023,8,WAS,PHI,2023-10-29,-7.0,-8.221692,-8.510282,-7.3559227,-10.24099715047001
2023_08_CLE_SEA,2023,8,SEA,CLE,2023-10-29,4.0,6.5917497,6.7647114,6.0728645,6.695975623354985
2023_08_BAL_ARI,2023,8,ARI,BAL,2023-10-29,-9.5,-10.189954,-9.921256,-10.996047,-9.783236539309613
2023_08_KC_DEN,2023,8,DEN,KC,2023-10-29,-7.0,-7.583326,-7.867657,-6.7303314,-7.157573049473616
2023_08_CIN_SF,2023,8,SF,CIN,2023-10-29,4.0,2.736435,3.280118,1.1053858,2.200453369831053
2023_08_CHI_LAC,2023,8,LAC,CHI,2023-10-29,9.5,12.966681,12.349441,14.818402,10.675939341222437
2023_08_LV_DET,2023,8,DET,LV,2023-10-30,7.0,7.0687428,6.9427304,7.4467783,6.117218012114847
2023_09_TEN_PIT,2023,9,PIT,TEN,2023-11-02,3.5,8.428677,8.329524,8.726137,6.551771898065985
2023_09_MIA_KC,2023,9,KC,MIA,2023-11-05,1.0,-1.0069678,-1.0503907,-0.87669873,0.9251229371707295
2023_09_MIN_ATL,2023,9,ATL,MIN,2023-11-05,3.5,0.3652175,0.23344724,0.7605283,0.915675697886364
2023_09_SEA_BAL,2023,9,BAL,SEA,2023-11-05,6.0,4.238379,4.3249664,3.978616,5.537030083107066
2023_09_ARI_CLE,2023,9,CLE,ARI,2023-11-05,13.0,13.210471,14.089621,10.573026,11.921374220022514
2023_09_LA_GB,2023,9,GB,LA,2023-11-05,3.5,2.242126,1.5569733,4.2975845,1.2556910166471273
2023_09_TB_HOU,2023,9,HOU,TB,2023-11-05,2.5,2.2356489,1.5271442,4.361163,0.28284937128193294
2023_09_WAS_NE,2023,9,NE,WAS,2023-11-05,2.5,5.0767994,4.8737307,5.686006,4.513980407685694
2023_09_CHI_NO,2023,9,NO,CHI,2023-11-05,9.0,6.809951,6.3353267,8.233823,6.011052481649545
2023_09_IND_CAR,2023,9,CAR,IND,2023-11-05,-1.5,-1.819324,-2.4284544,0.00806725,-1.8457710352505234
2023_09_NYG_LV,2023,9,LV,NYG,2023-11-05,1.0,4.592705,5.20403,2.7587283,3.0927979962486276
2023_09_DAL_PHI,2023,9,PHI,DAL,2023-11-05,3.5,5.883828,6.0838804,5.2836723,6.682406924082205
2023_09_BUF_CIN,2023,9,CIN,BUF,2023-11-05,1.5,-0.88361394,-1.7694731,1.7739633,-1.7737609196638997
2023_09_LAC_NYJ,2023,9,NYJ,LAC,2023-11-06,-3.0,-4.8886585,-4.472726,-6.1364565,-3.6821798407383732
2023_10_CAR_CHI,2023,10,CHI,CAR,2023-11-09,3.0,6.0223045,6.4674625,4.6868305,5.727848465379531
2023_10_IND_NE,2023,10,NE,IND,2023-11-12,-1.0,-3.8525403,-4.1294026,-3.0219529,-4.43427233131926
2023_10_CLE_BAL,2023,10,BAL,CLE,2023-11-12,6.0,8.313774,8.5847025,7.500988,7.543638812798804
2023_10_HOU_CIN,2023,10,CIN,HOU,2023-11-12,5.5,3.603069,2.285096,7.5569887,2.390702378608615
2023_10_SF_JAX,2023,10,JAX,SF,2023-11-12,-3.0,-3.4902313,-3.6009138,-3.1581838,-3.513353976858085
2023_10_NO_MIN,2023,10,MIN,NO,2023-11-12,-3.0,0.40942895,0.32965934,0.6487378,1.7791814258283558
2023_10_GB_PIT,2023,10,PIT,GB,2023-11-12,3.0,3.6038816,3.5008976,3.912833,4.07539187622722
2023_10_TEN_TB,2023,10,TB,TEN,2023-11-12,2.5,-0.63713694,-1.2528789,1.210089,-1.3802982825074477
2023_10_ATL_ARI,2023,10,ARI,ATL,2023-11-12,-2.0,-3.589407,-3.2133548,-4.7175636,-2.8326032649301984
2023_10_DET_LAC,2023,10,LAC,DET,2023-11-12,-2.5,-1.6027192,-1.6259847,-1.5329227,-0.7827975531051756
2023_10_NYG_DAL,2023,10,DAL,NYG,2023-11-12,17.5,16.446156,15.695617,18.697777,12.389604782805756
2023_10_WAS_SEA,2023,10,SEA,WAS,2023-11-12,6.0,4.468321,3.9954283,5.886997,5.014222207057506
2023_10_NYJ_LV,2023,10,LV,NYJ,2023-11-12,-1.0,1.6910768,1.6465491,1.82466,2.6289795646243364
2023_10_DEN_BUF,2023,10,BUF,DEN,2023-11-13,7.5,10.706203,10.932305,10.027896,9.192801852507625
2023_11_CIN_BAL,2023,11,BAL,CIN,2023-11-16,4.0,5.967207,5.671426,6.8545485,5.599356163778211
2023_11_DAL_CAR,2023,11,CAR,DAL,2023-11-19,-11.0,-12.575885,-11.81644,-14.854221,-11.791992640519602
2023_11_PIT_CLE,2023,11,CLE,PIT,2023-11-19,2.5,0.6607418,-0.5071284,4.1643524,-0.1639039179917844
2023_11_CHI_DET,2023,11,DET,CHI,2023-11-19,8.0,10.584491,10.884998,9.682969,9.275542656259347
2023_11_LAC_GB,2023,11,GB,LAC,2023-11-19,-3.0,-4.5510917,-4.124233,-5.831669,-2.7207370868268472
2023_11_ARI_HOU,2023,11,HOU,ARI,2023-11-19,5.5,5.405489,5.0859575,6.3640833,5.8729550616801784
2023_11_TEN_JAX,2023,11,JAX,TEN,2023-11-19,6.5,4.5469737,4.4503565,4.8368254,4.316277673113887
2023_11_LV_MIA,2023,11,MIA,LV,2023-11-19,14.0,12.953562,13.140204,12.393633,10.171257526860508
2023_11_NYG_WAS,2023,11,WAS,NYG,2023-11-19,7.5,6.672796,6.53282,7.092722,5.230716660885161
2023_11_TB_SF,2023,11,SF,TB,2023-11-19,13.5,12.613255,13.461895,10.067334,11.398980042868125
2023_11_NYJ_BUF,2023,11,BUF,NYJ,2023-11-19,8.0,8.955777,9.406337,7.6040983,7.9063378909003
2023_11_SEA_LA,2023,11,LA,SEA,2023-11-19,2.5,-0.468163,-0.9122389,0.86406475,-0.10140659523268035
2023_11_MIN_DEN,2023,11,DEN,MIN,2023-11-19,2.5,1.1740602,-0.06635143,4.895295,0.01081701003703686
2023_11_PHI_KC,2023,11,KC,PHI,2023-11-20,2.5,-0.46083367,-1.3362559,2.165433,-0.45720555231765214
2023_12_GB_DET,2023,12,DET,GB,2023-11-23,8.5,4.46179,4.3647747,4.752837,4.312032362800667
2023_12_WAS_DAL,2023,12,DAL,WAS,2023-11-23,13.0,15.17676,14.47618,17.278498,13.773669850218974
2023_12_SF_SEA,2023,12,SEA,SF,2023-11-23,-7.0,-9.671908,-9.915144,-8.942201,-8.333503357416795
2023_12_MIA_NYJ,2023,12,NYJ,MIA,2023-11-24,-9.5,-10.040024,-9.6179905,-11.306123,-10.204194582509274
2023_12_NO_ATL,2023,12,ATL,NO,2023-11-26,-2.0,2.3438334,2.3080711,2.4511204,1.6007089631385292
2023_12_PIT_CIN,2023,12,CIN,PIT,2023-11-26,-2.0,0.16913196,0.18851665,0.11097789,-0.22398707979211466
2023_12_JAX_HOU,2023,12,HOU,JAX,2023-11-26,-1.0,-3.83265,-3.7961214,-3.9422357,-2.6632518108325804
2023_12_TB_IND,2023,12,IND,TB,2023-11-26,2.5,0.85075426,0.4659664,2.005118,-0.39449526598463364
2023_12_NE_NYG,2023,12,NYG,NE,2023-11-26,-4.5,-3.9696796,-3.836777,-4.368387,-3.192835281534193
2023_12_CAR_TEN,2023,12,TEN,CAR,2023-11-26,3.5,3.463387,3.1424992,4.42605,3.4064579340567334
2023_12_LA_ARI,2023,12,ARI,LA,2023-11-26,-3.0,-6.836949,-6.04182,-9.222336,-5.484305806268003
2023_12_CLE_DEN,2023,12,DEN,CLE,2023-11-26,1.5,1.9166704,1.5259346,3.0888782,1.2011266966957987
2023_12_KC_LV,2023,12,LV,KC,2023-11-26,-9.0,-8.548132,-7.552447,-11.535189,-7.275787469113361
2023_12_BUF_PHI,2023,12,PHI,BUF,2023-11-26,2.5,1.1276816,0.68573827,2.4535117,1.9792737508548932
2023_12_BAL_LAC,2023,12,LAC,BAL,2023-11-26,-3.0,-1.680486,-1.7141652,-1.5794482,-1.7376593800810127
2023_12_CHI_MIN,2023,12,MIN,CHI,2023-11-27,3.0,4.0980706,4.340173,3.3717642,4.01803265582924
2023_13_SEA_DAL,2023,13,DAL,SEA,2023-11-30,9.5,12.629772,12.96381,11.62766,11.364469739907209
2023_13_DEN_HOU,2023,13,HOU,DEN,2023-12-03,3.5,3.3992453,3.5589962,2.9199924,3.840654927105455
2023_13_LAC_NE,2023,13,NE,LAC,2023-12-03,-4.5,-5.679877,-5.331879,-6.7238693,-5.415095112846004
2023_13_DET_NO,2023,13,NO,DET,2023-12-03,-4.0,-4.373592,-3.372107,-7.378046,-3.116138598601932
2023_13_ATL_NYJ,2023,13,NYJ,ATL,2023-12-03,-2.0,-2.3566723,-2.0546343,-3.2627857,-1.8657181761880735
2023_13_ARI_PIT,2023,13,PIT,ARI,2023-12-03,6.0,9.322109,9.128147,9.9039955,7.094761750978757
2023_13_IND_TEN,2023,13,TEN,IND,2023-12-03,-1.5,-1.9777734,-2.1203234,-1.5501232,-1.5296186570060568
2023_13_MIA_WAS,2023,13,WAS,MIA,2023-12-03,-8.5,-12.07146,-11.426162,-14.007355,-9.435941052187644
2023_13_CAR_TB,2023,13,TB,CAR,2023-12-03,4.0,4.5264316,3.896397,6.4165344,3.2890348076677633
2023_13_CLE_LA,2023,13,LA,CLE,2023-12-03,3.5,8.240116,7.8415613,9.435779,6.6594129990373965
2023_13_SF_PHI,2023,13,PHI,SF,2023-12-03,-3.0,-1.9783337,-1.0037658,-4.9020376,0.09104155497786713
2023_13_KC_GB,2023,13,GB,KC,2023-12-03,-5.5,-7.963582,-7.7843246,-8.501355,-6.434948908157088
2023_13_CIN_JAX,2023,13,JAX,CIN,2023-12-04,10.0,5.2496595,4.4320135,7.7025986,5.441363120020465
2023_14_NE_PIT,2023,14,PIT,NE,2023-12-07,6.0,5.575327,5.5551386,5.635892,5.417666450655359
2023_14_TB_ATL,2023,14,ATL,TB,2023-12-10,1.5,-1.7682422,-2.010032,-1.0428729,-2.47538110655292
2023_14_LA_BAL,2023,14,BAL,LA,2023-12-10,7.5,7.8019943,8.079052,6.9708214,6.920563578778071
2023_14_DET_CHI,2023,14,CHI,DET,2023-12-10,-3.0,-2.7065275,-2.06517,-4.6306,-1.7399214524528512
2023_14_IND_CIN,2023,14,CIN,IND,2023-12-10,3.0,7.0366554,6.8506813,7.594578,6.017578851174663
2023_14_JAX_CLE,2023,14,CLE,JAX,2023-12-10,2.5,0.5665768,-0.09427572,2.5491343,-0.5157614878440228
2023_14_CAR_NO,2023,14,NO,CAR,2023-12-10,5.5,4.264847,4.281107,4.216067,3.2140167576203815
2023_14_HOU_NYJ,2023,14,NYJ,HOU,2023-12-10,-3.5,-4.8300714,-4.26395,-6.5284367,-3.1778027583246238
2023_14_MIN_LV,2023,14,LV,MIN,2023-12-10,-3.0,-2.7530742,-2.6295674,-3.1235945,-2.3473394872846614
2023_14_SEA_SF,2023,14,SF,SEA,2023-12-10,14.5,15.125017,15.287417,14.637816,13.062995099500903
2023_14_BUF_KC,2023,14,KC,BUF,2023-12-10,2.0,-0.56211555,-1.1751441,1.2769699,1.222332353284822
2023_14_DEN_LAC,2023,14,LAC,DEN,2023-12-10,3.0,2.0802884,1.3582515,4.2464,1.9596622043391168
2023_14_PHI_DAL,2023,14,DAL,PHI,2023-12-10,3.5,5.187519,5.0274596,5.667698,4.253723115402013
2023_14_TEN_MIA,2023,14,MIA,TEN,2023-12-11,14.0,12.541699,12.993763,11.185508,10.195391916069436
2023_14_GB_NYG,2023,14,NYG,GB,2023-12-11,-6.0,-1.4171724,-1.5330077,-1.0696666,-2.621553848876123
2023_15_LAC_LV,2023,15,LV,LAC,2023-12-14,3.0,0.8167799,0.76630914,0.9681923,0.7190905418934118
2023_15_MIN_CIN,2023,15,CIN,MIN,2023-12-16,3.0,3.2907174,3.0085483,4.137225,2.115320033049131
2023_15_PIT_IND,2023,15,IND,PIT,2023-12-16,1.5,6.101571,6.284846,5.5517464,4.824773149909002
2023_15_DEN_DET,2023,15,DET,DEN,2023-12-16,5.5,4.282607,4.2500477,4.380285,3.413437196454092
2023_15_ATL_CAR,2023,15,CAR,ATL,2023-12-17,-3.0,-4.7915344,-4.074776,-6.9418097,-4.740606999709409
2023_15_CHI_CLE,2023,15,CLE,CHI,2023-12-17,3.0,2.7725027,2.173266,4.570213,3.713336273663874
2023_15_TB_GB,2023,15,GB,TB,2023-12-17,4.0,4.2056937,4.513566,3.2820764,4.754553887326814
2023_15_NYJ_MIA,2023,15,MIA,NYJ,2023-12-17,7.5,10.101556,10.861492,7.821748,10.235569981117216
2023_15_KC_NE,2023,15,NE,KC,2023-12-17,-10.0,-8.372759,-8.105206,-9.175419,-9.198573831974153
2023_15_NYG_NO,2023,15,NO,NYG,2023-12-17,6.0,2.0377886,2.3702252,1.040479,3.1244446962412167
2023_15_HOU_TEN,2023,15,TEN,HOU,2023-12-17,3.0,2.7669563,2.5116127,3.532988,3.5284288114077365
2023_15_SF_ARI,2023,15,ARI,SF,2023-12-17,-12.5,-13.137873,-11.602904,-17.74278,-12.63372900118688
2023_15_WAS_LA,2023,15,LA,WAS,2023-12-17,6.5,5.2738748,6.029487,3.0070386,5.970238443698454
2023_15_DAL_BUF,2023,15,BUF,DAL,2023-12-17,2.0,0.8290765,0.9255043,0.5397929,1.2962998761502238
2023_15_BAL_JAX,2023,15,JAX,BAL,2023-12-17,-4.0,-4.4189396,-4.249908,-4.926036,-3.6336281735863736
2023_15_PHI_SEA,2023,15,SEA,PHI,2023-12-18,-5.0,-7.3191357,-7.119333,-7.918544,-7.440170985834419
2023_16_NO_LA,2023,16,LA,NO,2023-12-21,4.0,4.395549,4.8687162,2.9760475,5.123762141431865
2023_16_CIN_PIT,2023,16,PIT,CIN,2023-12-23,-3.0,-2.9947004,-2.14395,-5.5469522,-1.2698744518851415
2023_16_BUF_LAC,2023,16,LAC,BUF,2023-12-23,-13.0,-11.714765,-10.55144,-15.204739,-10.76167425887867
2023_16_IND_ATL,2023,16,ATL,IND,2023-12-24,3.0,-3.7441247,-4.474191,-1.5539253,-2.8780747583617607
2023_16_GB_CAR,2023,16,CAR,GB,2023-12-24,-3.5,-5.486492,-5.173286,-6.426112,-3.8877659072065507
2023_16_CLE_HOU,2023,16,HOU,CLE,2023-12-24,-3.0,2.191286,2.5780208,1.0310817,2.3805664406759655
2023_16_DET_MIN,2023,16,MIN,DET,2023-12-24,-2.5,0.3153352,0.86759454,-1.3414428,1.6317702593629302
2023_16_WAS_NYJ,2023,16,NYJ,WAS,2023-12-24,3.0,4.704523,4.886548,4.1584473,3.793727585730854
2023_16_SEA_TEN,2023,16,TEN,SEA,2023-12-24,-3.0,-2.1978629,-2.236566,-2.0817535,-2.225148994907724
2023_16_JAX_TB,2023,16,TB,JAX,2023-12-24,-2.0,-1.648065,-1.8539937,-1.0302787,-1.818794945328333
2023_16_ARI_CHI,2023,16,CHI,ARI,2023-12-24,4.5,1.4959345,1.2477981,2.2403438,1.488866917749793
2023_16_DAL_MIA,2023,16,MIA,DAL,2023-12-24,1.5,0.97096634,0.57832175,2.1489,0.5934349666715246
2023_16_NE_DEN,2023,16,DEN,NE,2023-12-24,7.0,8.232557,8.691829,6.854744,8.69668828747904
2023_16_LV_KC,2023,16,KC,LV,2023-12-25,11.0,10.224005,9.91389,11.154352,8.921468003322635
2023_16_NYG_PHI,2023,16,PHI,NYG,2023-12-25,14.0,11.350047,11.428998,11.113194,10.185207369675954
2023_16_BAL_SF,2023,16,SF,BAL,2023-12-25,6.5,8.4570465,8.371679,8.713149,6.617348248045109
2023_17_NYJ_CLE,2023,17,CLE,NYJ,2023-12-28,6.5,5.8694654,5.967017,5.5768113,7.383340255294608
2023_17_DET_DAL,2023,17,DAL,DET,2023-12-30,5.5,3.6231754,3.4706311,4.0808077,2.8005869647697996
2023_17_MIA_BAL,2023,17,BAL,MIA,2023-12-31,3.0,0.28287673,0.12557514,0.7547815,1.0777586077401358
2023_17_NE_BUF,2023,17,BUF,NE,2023-12-31,15.0,13.52788,13.483302,13.661613,10.223395136756801
2023_17_ATL_CHI,2023,17,CHI,ATL,2023-12-31,3.0,0.93775094,0.7250901,1.5757333,1.3750497244174276
2023_17_TEN_HOU,2023,17,HOU,TEN,2023-12-31,5.0,2.9410071,2.8683171,3.1590765,2.547269786469412
2023_17_LV_IND,2023,17,IND,LV,2023-12-31,3.5,5.8438983,5.482335,6.928587,5.667207545379029
2023_17_CAR_JAX,2023,17,JAX,CAR,2023-12-31,3.5,4.817229,5.179185,3.7313597,5.166204478960568
2023_17_LA_NYG,2023,17,NYG,LA,2023-12-31,-6.0,-8.821708,-9.910491,-5.555359,-10.561341546066968
2023_17_ARI_PHI,2023,17,PHI,ARI,2023-12-31,12.0,14.186391,14.691372,12.671447,15.81630305977046
2023_17_NO_TB,2023,17,TB,NO,2023-12-31,2.5,0.72479486,0.16289754,2.410487,-0.008934494945346153
2023_17_SF_WAS,2023,17,WAS,SF,2023-12-31,-14.0,-10.824785,-10.336966,-12.288242,-12.549320718483004
2023_17_PIT_SEA,2023,17,SEA,PIT,2023-12-31,4.5,4.113371,3.855659,4.886507,3.1934818230499724
2023_17_LAC_DEN,2023,17,DEN,LAC,2023-12-31,3.5,7.127928,7.2590466,6.7345724,6.977184611952015
2023_17_CIN_KC,2023,17,KC,CIN,2023-12-31,7.5,5.6031203,6.0583405,4.237459,6.035704895948878
2023_17_GB_MIN,2023,17,MIN,GB,2023-12-31,1.0,-5.130293,-5.0795045,-5.2826567,-5.309736117944513
2023_18_PIT_BAL,2023,18,BAL,PIT,2024-01-06,-3.0,0.643833,1.7205254,-2.5862443,1.2940661059815022
2023_18_HOU_IND,2023,18,IND,HOU,2024-01-06,-1.5,1.1187768,1.2260821,0.7968608,1.8808891996051316
2023_18_TB_CAR,2023,18,CAR,TB,2024-01-07,-5.0,-6.8374224,-6.46613,-7.9512997,-6.217891210912837
2023_18_CLE_CIN,2023,18,CIN,CLE,2024-01-07,7.5,8.673298,7.9735837,10.772438,7.773906839199951
2023_18_MIN_DET,2023,18,DET,MIN,2024-01-07,3.5,3.7865481,3.3835359,4.995585,3.508389642774116
2023_18_NYJ_NE,2023,18,NE,NYJ,2024-01-07,2.5,3.1853585,2.3993993,5.543236,1.2527545569844152
2023_18_ATL_NO,2023,18,NO,ATL,2024-01-07,3.5,3.4726372,3.5280056,3.3065324,3.3692667029289605
2023_18_JAX_TEN,2023,18,TEN,JAX,2024-01-07,-3.5,-6.991096,-6.8873696,-7.3022747,-6.07831816931679
2023_18_SEA_ARI,2023,18,ARI,SEA,2024-01-07,-2.5,-6.1483765,-5.774539,-7.269889,-5.942424584412299
2023_18_CHI_GB,2023,18,GB,CHI,2024-01-07,2.5,5.8123913,5.603062,6.440378,5.408046211902708
2023_18_KC_LAC,2023,18,LAC,KC,2024-01-07,3.5,-0.93311286,-0.94076174,-0.91016626,-2.1493043801127043
2023_18_DEN_LV,2023,18,LV,DEN,2024-01-07,3.5,2.8486745,2.786488,3.0352337,3.3450584993735397
2023_18_PHI_NYG,2023,18,NYG,PHI,2024-01-07,-4.5,-6.6182384,-6.897121,-5.7815924,-6.8800857219791665
2023_18_LA_SF,2023,18,SF,LA,2024-01-07,5.5,6.7902145,6.8219485,6.695013,6.397144401546931
2023_18_DAL_WAS,2023,18,WAS,DAL,2024-01-07,-13.0,-9.693868,-8.209404,-14.14726,-9.811451521461246
2023_18_BUF_MIA,2023,18,MIA,BUF,2024-01-07,-2.5,0.35806376,1.0080748,-1.5919693,0.7832911412413806
2023_19_CLE_HOU,2023,19,HOU,CLE,2024-01-13,-2.5,5.859086,5.5630465,6.747204,4.871490791264242
2023_19_MIA_KC,2023,19,KC,MIA,2024-01-13,4.5,6.378706,6.218116,6.8604774,6.191608302094873
2023_19_GB_DAL,2023,19,DAL,GB,2024-01-14,7.0,-0.29925817,-0.20781341,-0.5735924,-0.1984295215963328
2023_19_LA_DET,2023,19,DET,LA,2024-01-14,3.5,1.6287111,0.66203576,4.528737,0.9236815734921333
2023_19_PIT_BUF,2023,19,BUF,PIT,2024-01-15,10.0,8.47916,7.9281945,10.132059,7.04134926314248
2023_19_PHI_TB,2023,19,TB,PHI,2024-01-15,-2.5,-2.4299965,-3.0720656,-0.5037894,-3.197085741827912
2023_20_HOU_BAL,2023,20,BAL,HOU,2024-01-20,10.0,4.3501034,4.140064,4.980223,4.565821147759746
2023_20_GB_SF,2023,20,SF,GB,2024-01-20,10.5,0.7875618,0.4899119,1.6805114,-1.6579723836707145
2023_20_TB_DET,2023,20,DET,TB,2024-01-21,6.0,4.7274127,3.809068,7.4824467,3.7226498004331248
2023_20_KC_BUF,2023,20,BUF,KC,2024-01-21,2.5,4.520681,4.3759255,4.9549465,4.048901227047894
2023_21_KC_BAL,2023,21,BAL,KC,2024-01-28,4.5,4.2985487,4.334664,4.190202,4.043642843209525
2023_21_DET_SF,2023,21,SF,DET,2024-01-28,7.5,5.6738486,5.986869,4.7347894,4.187057061255485
2023_22_SF_KC,2023,22,KC,SF,2024-02-11,-1.5,0.31647658,0.3298127,0.27646828,1.759061004760644
2024_01_BAL_KC,2024,1,KC,BAL,2024-09-05,3.0,2.2736669,1.6057233,4.2774982,1.2552808193735425
2024_01_GB_PHI,2024,1,PHI,GB,2024-09-06,2.0,-0.36491972,-0.32363668,-0.48876882,1.4177661347131434
2024_01_PIT_ATL,2024,1,ATL,PIT,2024-09-08,4.0,1.209764,0.93855584,2.0233886,0.356348526269489
2024_01_ARI_BUF,2024,1,BUF,ARI,2024-09-08,6.5,5.6252213,5.765679,5.203848,6.881827472758933
2024_01_TEN_CHI,2024,1,CHI,TEN,2024-09-08,4.0,4.221297,4.6731696,2.8656795,2.9986060749733157
2024_01_NE_CIN,2024,1,CIN,NE,2024-09-08,8.0,7.75903,7.5268397,8.455601,6.591639952405299
2024_01_HOU_IND,2024,1,IND,HOU,2024-09-08,-3.0,-2.2563858,-2.4454637,-1.6891527,-2.459775141670648
2024_01_JAX_MIA,2024,1,MIA,JAX,2024-09-08,3.5,4.1814137,4.133897,4.323964,4.213469973806138
2024_01_CAR_NO,2024,1,NO,CAR,2024-09-08,3.5,5.660301,6.072224,4.424533,4.1904554429488865
2024_01_MIN_NYG,2024,1,NYG,MIN,2024-09-08,-1.0,-1.2427151,-1.1056854,-1.6538043,-2.1969753047073715
2024_01_LV_LAC,2024,1,LAC,LV,2024-09-08,3.0,0.063038275,-0.2512353,1.005859,0.5251419325764932
2024_01_DEN_SEA,2024,1,SEA,DEN,2024-09-08,6.5,3.211836,2.7430565,4.6181746,1.546338512593497
2024_01_DAL_CLE,2024,1,CLE,DAL,2024-09-08,2.5,-1.1700876,-2.152323,1.7766188,-3.44347279306902
2024_01_WAS_TB,2024,1,TB,WAS,2024-09-08,4.0,4.2597194,5.0692735,1.8310558,4.114511494565788
2024_01_LA_DET,2024,1,DET,LA,2024-09-08,5.0,2.3032002,2.0770235,2.98173,1.5856113131611824
2024_01_NYJ_SF,2024,1,SF,NYJ,2024-09-09,3.5,3.9200287,4.3080964,2.7558248,4.0671236673239655
2024_02_BUF_MIA,2024,2,MIA,BUF,2024-09-12,2.5,-4.737061,-5.257338,-3.1762288,-5.395037538311105
2024_02_LV_BAL,2024,2,BAL,LV,2024-09-15,9.0,7.748616,7.5937753,8.213139,6.513556218731203
2024_02_LAC_CAR,2024,2,CAR,LAC,2024-09-15,-5.0,-5.016265,-4.634619,-6.1612015,-4.7093667276364
2024_02_NO_DAL,2024,2,DAL,NO,2024-09-15,6.5,4.3072643,4.01831,5.1741266,2.4729861231356676
2024_02_TB_DET,2024,2,DET,TB,2024-09-15,7.5,11.579119,11.677116,11.285128,14.824545053090237
2024_02_IND_GB,2024,2,GB,IND,2024-09-15,-3.0,5.6845536,6.4506288,3.3863282,6.607416521967729
2024_02_CLE_JAX,2024,2,JAX,CLE,2024-09-15,3.0,1.7035463,1.381245,2.67045,0.8306445720804927
2024_02_SF_MIN,2024,2,MIN,SF,2024-09-15,-4.5,-3.6468718,-3.8684955,-2.9820015,-2.5548090635838503
2024_02_SEA_NE,2024,2,NE,SEA,2024-09-15,-3.5,-1.9451234,-1.8827435,-2.1322634,-0.23656813650775427
2024_02_NYJ_TEN,2024,2,TEN,NYJ,2024-09-15,-3.5,-4.071512,-4.077569,-4.053342,-4.197031132816982
2024_02_NYG_WAS,2024,2,WAS,NYG,2024-09-15,1.5,-0.86174095,-1.8151803,1.998577,-2.486658369872458
2024_02_LA_ARI,2024,2,ARI,LA,2024-09-15,-1.0,-2.6332896,-2.4760065,-3.1051385,-3.4381285089220244
2024_02_PIT_DEN,2024,2,DEN,PIT,2024-09-15,-3.0,-3.3903031,-3.1745355,-4.0376062,-3.1749710648315395
2024_02_CIN_KC,2024,2,KC,CIN,2024-09-15,6.5,7.567854,8.166445,5.7720804,9.05548996316506
2024_02_CHI_HOU,2024,2,HOU,CHI,2024-09-15,6.0,6.602627,6.275256,7.5847406,6.150187020168541
2024_02_ATL_PHI,2024,2,PHI,ATL,2024-09-16,5.5,1.8239431,1.324429,3.3224854,3.0069294947539906
2024_03_NE_NYJ,2024,3,NYJ,NE,2024-09-19,6.5,6.767769,6.9258347,6.2935705,7.246507553647825
2024_03_NYG_CLE,2024,3,CLE,NYG,2024-09-22,6.5,4.567446,4.4237795,4.9984465,3.5426972342188026
2024_03_CHI_IND,2024,3,IND,CHI,2024-09-22,1.5,-0.60540587,-1.4792522,2.016133,-1.181313829744506
2024_03_HOU_MIN,2024,3,MIN,HOU,2024-09-22,-2.0,-1.8643489,-1.6878058,-2.3939779,-2.096632380401295
2024_03_PHI_NO,2024,3,NO,PHI,2024-09-22,2.5,0.7598882,0.98232466,0.09257877,-0.4843461372129938
2024_03_LAC_PIT,2024,3,PIT,LAC,2024-09-22,3.0,4.057609,4.1391306,3.8130445,3.996805361227536
2024_03_DEN_TB,2024,3,TB,DEN,2024-09-22,6.0,2.0662978,1.9111334,2.5317907,1.0460424030158078
2024_03_GB_TEN,2024,3,TEN,GB,2024-09-22,3.0,0.002887413,-0.17020129,0.5221535,-0.5236189880509106
2024_03_CAR_LV,2024,3,LV,CAR,2024-09-22,5.5,5.255005,5.1572127,5.548381,4.1092811429954
2024_03_MIA_SEA,2024,3,SEA,MIA,2024-09-22,4.0,3.6119583,4.4056497,1.2308838,4.604593512485118
2024_03_DET_ARI,2024,3,ARI,DET,2024-09-22,-3.0,-1.5571043,-1.1259333,-2.8506176,-1.6731070985345113
2024_03_BAL_DAL,2024,3,DAL,BAL,2024-09-22,-1.5,-4.3453183,-3.621186,-6.5177155,-2.987700446823145
2024_03_SF_LA,2024,3,LA,SF,2024-09-22,-6.0,-7.307109,-8.241984,-4.5024824,-8.297084171153895
2024_03_KC_ATL,2024,3,ATL,KC,2024-09-22,-3.0,-7.625615,-7.7575197,-7.2299004,-6.8077169652552945
2024_03_JAX_BUF,2024,3,BUF,JAX,2024-09-23,4.0,8.294401,8.163469,8.687199,7.833406167122361
2024_03_WAS_CIN,2024,3,CIN,WAS,2024-09-23,7.5,6.187315,6.952053,3.8930998,5.610964057278951
2024_04_DAL_NYG,2024,4,NYG,DAL,2024-09-26,-5.5,-4.617158,-4.985803,-3.5112226,-6.756879100658734
2024_04_NO_ATL,2024,4,ATL,NO,2024-09-29,2.5,0.72287107,0.38912597,1.7241064,1.951133483194327
2024_04_CIN_CAR,2024,4,CAR,CIN,2024-09-29,-4.5,-4.7050962,-4.453759,-5.4591084,-3.4290487826161233
2024_04_LA_CHI,2024,4,CHI,LA,2024-09-29,3.0,-0.38064814,-0.43137002,-0.22848248,-2.18152426413099
2024_04_MIN_GB,2024,4,GB,MIN,2024-09-29,2.5,1.5895903,1.3832076,2.2087386,2.3185112229497196
2024_04_JAX_HOU,2024,4,HOU,JAX,2024-09-29,5.5,5.8209057,5.8787565,5.647354,5.959375087700139
2024_04_PIT_IND,2024,4,IND,PIT,2024-09-29,-2.5,-1.2146555,-0.3867983,-3.6982272,0.17087275204810995
2024_04_DEN_NYJ,2024,4,NYJ,DEN,2024-09-29,7.5,3.2738965,4.017282,1.0437399,3.6766541014799055
2024_04_PHI_TB,2024,4,TB,PHI,2024-09-29,-1.0,-1.8927417,-1.7426597,-2.3429878,-3.3978902958997956
2024_04_WAS_ARI,2024,4,ARI,WAS,2024-09-29,3.5,1.2558775,2.1205451,-1.3381252,0.8973878077639872
2024_04_NE_SF,2024,4,SF,NE,2024-09-29,10.5,10.504356,10.620545,10.15579,11.27212383995709
2024_04_KC_LAC,2024,4,LAC,KC,2024-09-29,-7.5,-6.893942,-7.3626866,-5.487707,-7.880152342952999
2024_04_CLE_LV,2024,4,LV,CLE,2024-09-29,-2.5,-0.6717363,-0.11472242,-2.342778,-0.4505248291631755
2024_04_BUF_BAL,2024,4,BAL,BUF,2024-09-29,2.5,1.6239316,1.3809829,2.3527777,2.4913758254138227
2024_04_TEN_MIA,2024,4,MIA,TEN,2024-09-30,2.5,1.3343089,1.068823,2.1307662,1.2985239059911744
2024_04_SEA_DET,2024,4,DET,SEA,2024-09-30,3.5,2.8467128,2.4746783,3.9628165,1.9857391792418484
2024_05_TB_ATL,2024,5,ATL,TB,2024-10-03,2.5,-1.5663228,-2.0011306,-0.2618997,-1.6754115564026832
2024_05_NYJ_MIN,2024,5,MIN,NYJ,2024-10-06,2.5,4.315862,4.9341083,2.4611244,4.9483724331524535
2024_05_CAR_CHI,2024,5,CHI,CAR,2024-10-06,4.0,3.501439,3.619492,3.14728,2.2093228774602283
2024_05_BAL_CIN,2024,5,CIN,BAL,2024-10-06,-2.5,-1.2541075,-0.49475464,-3.5321662,-2.2809964742875994
2024_05_BUF_HOU,2024,5,HOU,BUF,2024-10-06,1.0,0.6343799,0.23369467,1.8364357,1.7793191319321704
2024_05_IND_JAX,2024,5,JAX,IND,2024-10-06,3.5,7.557596,7.392837,8.051873,7.615767459445862
2024_05_MIA_NE,2024,5,NE,MIA,2024-10-06,-2.0,-2.9368434,-2.8239565,-3.2755044,-4.213292916543157
2024_05_CLE_WAS,2024,5,WAS,CLE,2024-10-06,3.0,3.057416,3.3104994,2.2981653,2.299828172963403
2024_05_LV_DEN,2024,5,DEN,LV,2024-10-06,3.0,3.0463655,2.4883747,4.720338,3.8762352020619115
2024_05_ARI_SF,2024,5,SF,ARI,2024-10-06,7.0,6.246641,6.620707,5.124444,6.186826402262933
2024_05_GB_LA,2024,5,LA,GB,2024-10-06,-3.0,-2.859586,-2.6501758,-3.487817,-2.5985627211040914
2024_05_NYG_SEA,2024,5,SEA,NYG,2024-10-06,7.0,6.845659,7.5176926,4.8295574,6.163289096835295
2024_05_DAL_PIT,2024,5,PIT,DAL,2024-10-06,2.5,-0.6593578,-1.1307027,0.7546772,-2.3281964999277034
2024_05_NO_KC,2024,5,KC,NO,2024-10-07,5.5,3.8609428,3.5793207,4.7058096,4.533181897124702
2024_06_SF_SEA,2024,6,SEA,SF,2024-10-10,-3.5,-8.568567,-8.130547,-9.88263,-5.832021329093867
2024_06_JAX_CHI,2024,6,CHI,JAX,2024-10-13,-1.5,-0.80249125,-0.30977234,-2.280648,-1.054716965372608
2024_06_WAS_BAL,2024,6,BAL,WAS,2024-10-13,6.5,4.276251,4.3800025,3.9649963,3.5011281715059313
2024_06_ARI_GB,2024,6,GB,ARI,2024-10-13,5.5,4.11886,4.238995,3.7584527,4.36400991537067
2024_06_HOU_NE,2024,6,NE,HOU,2024-10-13,-6.5,-7.574109,-7.858447,-6.721097,-7.031787655663131
2024_06_TB_NO,2024,6,NO,TB,2024-10-13,-3.5,-1.6926813,-1.2782416,-2.936,-1.2644826351063816
2024_06_CLE_PHI,2024,6,PHI,CLE,2024-10-13,8.0,6.964525,6.816686,7.408043,6.504273568124069
2024_06_IND_TEN,2024,6,TEN,IND,2024-10-13,2.5,-0.18211034,-0.8104289,1.7028455,-0.5412785313118246
2024_06_LAC_DEN,2024,6,DEN,LAC,2024-10-13,-3.0,0.66080177,1.1340717,-0.75900793,2.6545182457078624
2024_06_PIT_LV,2024,6,LV,PIT,2024-10-13,-3.5,-2.5910912,-2.4127746,-3.1260407,-1.8622249016934027
2024_06_ATL_CAR,2024,6,CAR,ATL,2024-10-13,-6.0,-8.775057,-9.2927475,-7.221987,-10.032517996609496
2024_06_DET_DAL,2024,6,DAL,DET,2024-10-13,-3.5,-1.8071167,-1.6035621,-2.417781,0.5577066737318388
2024_06_CIN_NYG,2024,6,NYG,CIN,2024-10-13,-4.5,1.6076249,2.1626592,-0.05747795,1.7676670064327722
2024_06_BUF_NYJ,2024,6,NYJ,BUF,2024-10-14,-1.0,4.5341396,5.4226484,1.8686136,5.437385985792535
2024_07_DEN_NO,2024,7,NO,DEN,2024-10-17,-2.5,-4.728409,-3.6410027,-7.9906273,-3.291331376998757
2024_07_NE_JAX,2024,7,JAX,NE,2024-10-20,6.5,8.492741,8.254544,9.207331,7.653714126991384
2024_07_SEA_ATL,2024,7,ATL,SEA,2024-10-20,3.0,0.5539343,1.1393919,-1.2024386,0.7546904736797464
2024_07_TEN_BUF,2024,7,BUF,TEN,2024-10-20,9.5,10.502383,10.402095,10.803249,11.908001849786924
2024_07_CIN_CLE,2024,7,CLE,CIN,2024-10-20,-5.5,-6.158711,-6.9770913,-3.7035692,-5.015663359360158
2024_07_HOU_GB,2024,7,GB,HOU,2024-10-20,3.0,4.7846403,4.922898,4.369867,4.9627963913578865
2024_07_MIA_IND,2024,7,IND,MIA,2024-10-20,3.0,7.6060886,8.099261,6.1265726,6.245509193951298
2024_07_DET_MIN,2024,7,MIN,DET,2024-10-20,1.0,0.9240732,0.2974885,2.8038273,0.7145976002016888
2024_07_PHI_NYG,2024,7,NYG,PHI,2024-10-20,-3.0,3.4083583,4.279822,0.79396737,2.8496777380179017
2024_07_LV_LA,2024,7,LA,LV,2024-10-20,7.0,5.4320555,5.4172835,5.476371,5.8806606765770875
2024_07_CAR_WAS,2024,7,WAS,CAR,2024-10-20,10.0,11.652077,11.317403,12.6560955,12.512902906119916
2024_07_KC_SF,2024,7,SF,KC,2024-10-20,2.5,2.7229466,2.6066477,3.0718427,3.671961618945407
2024_07_NYJ_PIT,2024,7,PIT,NYJ,2024-10-20,-3.0,-1.2637298,-0.41902575,-3.7978418,-0.2613861268752979
2024_07_BAL_TB,2024,7,TB,BAL,2024-10-21,-4.5,-5.1974654,-5.676493,-3.7603824,-6.09476930572675
2024_07_LAC_ARI,2024,7,ARI,LAC,2024-10-21,-1.0,4.989896,5.8091803,2.5320435,6.6958195691984725
2024_08_MIN_LA,2024,8,LA,MIN,2024-10-24,-3.0,2.1259131,2.4924667,1.026253,3.3048277063373486
2024_08_PHI_CIN,2024,8,CIN,PHI,2024-10-27,2.5,-2.6519709,-2.275196,-3.782295,-2.5849999416332787
2024_08_BAL_CLE,2024,8,CLE,BAL,2024-10-27,-7.5,-6.9831123,-6.7397704,-7.7131386,-10.272863990880388
2024_08_TEN_DET,2024,8,DET,TEN,2024-10-27,12.5,14.57569,15.057002,13.131755,15.356463762856201
2024_08_IND_HOU,2024,8,HOU,IND,2024-10-27,5.0,4.5353546,4.325357,5.165347,4.3912077608502695
2024_08_GB_JAX,2024,8,JAX,GB,2024-10-27,-3.5,-4.071928,-4.1323104,-3.8907812,-4.229434408692989
2024_08_ARI_MIA,2024,8,MIA,ARI,2024-10-27,4.0,-2.9876826,-3.19466,-2.3667505,-3.46030915722378
2024_08_NYJ_NE,2024,8,NE,NYJ,2024-10-27,-7.0,-7.3567257,-7.119166,-8.069404,-5.04528457315951
2024_08_ATL_TB,2024,8,TB,ATL,2024-10-27,-1.5,7.6625175,8.841049,4.1269236,6.298855105553892
2024_08_NO_LAC,2024,8,LAC,NO,2024-10-27,7.0,6.176647,5.7408414,7.484064,6.76625925768731
2024_08_BUF_SEA,2024,8,SEA,BUF,2024-10-27,-3.0,-1.2994759,-1.0923421,-1.920877,0.15572162776831974
2024_08_CAR_DEN,2024,8,DEN,CAR,2024-10-27,13.0,15.882923,15.703583,16.420944,18.77176094301668
2024_08_KC_LV,2024,8,LV,KC,2024-10-27,-9.0,-8.640295,-9.240154,-6.8407164,-10.767631544459144
2024_08_CHI_WAS,2024,8,WAS,CHI,2024-10-27,1.5,3.5261707,3.60485,3.290133,3.4660092213173765
2024_08_DAL_SF,2024,8,SF,DAL,2024-10-27,5.5,4.1869035,5.0516458,1.592676,3.7192986498087364
2024_08_NYG_PIT,2024,8,PIT,NYG,2024-10-28,6.0,0.64154744,0.18254788,2.018546,1.3704922407229332
2024_09_HOU_NYJ,2024,9,NYJ,HOU,2024-10-31,2.5,-0.3331974,-1.3007756,2.5695374,-0.9174313188344827
2024_09_DAL_ATL,2024,9,ATL,DAL,2024-11-03,3.0,1.5454175,2.1695566,-0.32699943,-1.0013348488884488
2024_09_DEN_BAL,2024,9,BAL,DEN,2024-11-03,9.0,8.57048,9.2460575,6.543748,6.571073634689771
2024_09_MIA_BUF,2024,9,BUF,MIA,2024-11-03,6.5,6.924698,7.2976794,5.8057528,6.285537132794843
2024_09_NO_CAR,2024,9,CAR,NO,2024-11-03,-7.0,-7.270919,-6.68179,-9.038305,-5.311628037054916
2024_09_LV_CIN,2024,9,CIN,LV,2024-11-03,8.0,7.13453,7.3128037,6.5997095,6.6627778068042005
2024_09_LAC_CLE,2024,9,CLE,LAC,2024-11-03,-2.0,-1.2057619,-0.91276777,-2.0847447,-0.5323025148211454
2024_09_WAS_NYG,2024,9,NYG,WAS,2024-11-03,-4.5,-6.550928,-5.711751,-9.068459,-6.838869559851209
2024_09_NE_TEN,2024,9,TEN,NE,2024-11-03,3.0,0.69670165,0.43768874,1.4737402,-0.24896457106113057
2024_09_CHI_ARI,2024,9,ARI,CHI,2024-11-03,1.5,-1.8187195,-2.950089,1.5753895,-4.0336537358280085
2024_09_JAX_PHI,2024,9,PHI,JAX,2024-11-03,7.5,6.437613,5.968287,7.8455906,4.893385017146373
2024_09_DET_GB,2024,9,GB,DET,2024-11-03,-2.5,7.5059185,8.362364,4.9365816,7.641726668482888
2024_09_LA_SEA,2024,9,SEA,LA,2024-11-03,-1.5,-6.649312,-6.882835,-5.948745,-7.404367954559673
2024_09_IND_MIN,2024,9,MIN,IND,2024-11-03,6.5,7.555985,7.724312,7.0510044,7.062165426812394
2024_09_TB_KC,2024,9,KC,TB,2024-11-04,9.0,5.8594866,5.7825174,6.090393,6.4763089531987
2024_10_CIN_BAL,2024,10,BAL,CIN,2024-11-07,6.0,9.459644,9.390233,9.667879,8.833819632422875
2024_10_NYG_CAR,2024,10,CAR,NYG,2024-11-10,-6.5,-10.155821,-9.610469,-11.791878,-9.015997128270682
2024_10_NE_CHI,2024,10,CHI,NE,2024-11-10,6.5,8.369409,8.460139,8.0972185,7.0048310169479535
2024_10_BUF_IND,2024,10,IND,BUF,2024-11-10,-4.5,-3.9982781,-4.3283877,-3.0079496,-3.1773262899084207
2024_10_MIN_JAX,2024,10,JAX,MIN,2024-11-10,-7.0,-7.8066807,-8.202972,-6.6178045,-9.647519793814968
2024_10_DEN_KC,2024,10,KC,DEN,2024-11-10,7.5,6.0398846,5.86455,6.5658875,6.168121229157232
2024_10_ATL_NO,2024,10,NO,ATL,2024-11-10,-3.5,-1.2431682,-0.79217917,-2.5961354,0.9950252479417753
2024_10_SF_TB,2024,10,TB,SF,2024-11-10,-6.5,-5.8067307,-6.402283,-4.020073,-7.822353433313197
2024_10_PIT_WAS,2024,10,WAS,PIT,2024-11-10,1.5,1.6055001,1.087223,3.1603312,1.5291215874714723
2024_10_TEN_LAC,2024,10,LAC,TEN,2024-11-10,8.0,12.479275,12.281643,13.072172,12.446469467244945
2024_10_NYJ_ARI,2024,10,ARI,NYJ,2024-11-10,-2.0,-1.8669927,-1.567347,-2.7659295,-2.4726397341682764
2024_10_PHI_DAL,2024,10,DAL,PHI,2024-11-10,-7.5,-8.372587,-7.845725,-9.953175,-7.4674764249282255
2024_10_DET_HOU,2024,10,HOU,DET,2024-11-10,-4.5,-6.2941303,-6.2848063,-6.3221025,-4.808553341806619
2024_10_MIA_LA,2024,10,LA,MIA,2024-11-11,2.5,3.9732592,4.020247,3.8322954,5.167565414680782
2024_11_WAS_PHI,2024,11,PHI,WAS,2024-11-14,4.5,5.952181,5.582258,7.0619497,4.991205700503428
2024_11_GB_CHI,2024,11,CHI,GB,2024-11-17,-6.0,-7.489056,-8.41898,-4.6992855,-7.684959279735716
2024_11_JAX_DET,2024,11,DET,JAX,2024-11-17,14.0,16.641762,16.445015,17.232006,16.344116153828807
2024_11_LV_MIA,2024,11,MIA,LV,2024-11-17,8.0,8.448643,8.432779,8.496232,9.736767153481706
2024_11_LA_NE,2024,11,NE,LA,2024-11-17,-4.0,-8.324571,-8.498108,-7.803958,-7.942523418808313
2024_11_CLE_NO,2024,11,NO,CLE,2024-11-17,-1.0,-2.8351772,-2.1450348,-4.9056044,-3.0486132898388623
2024_11_IND_NYJ,2024,11,NYJ,IND,2024-11-17,4.0,2.0418348,1.5155154,3.6207924,1.831025440369786
2024_11_BAL_PIT,2024,11,PIT,BAL,2024-11-17,-3.0,-2.321047,-1.8698525,-3.6746309,-2.872353922656923
2024_11_MIN_TEN,2024,11,TEN,MIN,2024-11-17,-6.0,-7.917899,-8.739526,-5.453019,-9.554421432765233
2024_11_ATL_DEN,2024,11,DEN,ATL,2024-11-17,2.0,4.7123375,4.3187222,5.8931837,4.70930547687298
2024_11_SEA_SF,2024,11,SF,SEA,2024-11-17,6.0,3.166573,3.5978644,1.872699,4.2988739919135694
2024_11_KC_BUF,2024,11,BUF,KC,2024-11-17,2.5,7.4760294,7.5405517,7.282463,7.206385330392337
2024_11_CIN_LAC,2024,11,LAC,CIN,2024-11-17,1.0,3.9475267,3.5469456,5.14927,3.5518393664103556
2024_11_HOU_DAL,2024,11,DAL,HOU,2024-11-18,-7.5,-4.5173683,-4.0977125,-5.7763357,-3.88028016320694
2024_12_PIT_CLE,2024,12,CLE,PIT,2024-11-21,-3.5,-2.979324,-3.4989877,-1.4203331,-2.729926799615034
2024_12_KC_CAR,2024,12,CAR,KC,2024-11-24,-11.0,-9.157207,-8.174193,-12.106247,-9.154300706427193
2024_12_MIN_CHI,2024,12,CHI,MIN,2024-11-24,-3.0,-5.248869,-5.281529,-5.1508875,-4.880654283071932
2024_12_TEN_HOU,2024,12,HOU,TEN,2024-11-24,8.0,9.646251,10.132966,8.186105,11.515961437397769
2024_12_DET_IND,2024,12,IND,DET,2024-11-24,-7.0,-1.3481524,-0.890914,-2.7198675,-3.1305406786480092
2024_12_NE_MIA,2024,12,MIA,NE,2024-11-24,7.5,6.9887295,7.618704,5.0988064,6.324379133420442
2024_12_TB_NYG,2024,12,NYG,TB,2024-11-24,-6.5,-9.662783,-9.209172,-11.023615,-9.217206667326787
2024_12_DAL_WAS,2024,12,WAS,DAL,2024-11-24,10.5,7.1996665,7.085064,7.543474,3.7411941300287834
2024_12_DEN_LV,2024,12,LV,DEN,2024-11-24,-6.5,-9.801576,-10.347552,-8.163646,-12.309595446404987
2024_12_SF_GB,2024,12,GB,SF,2024-11-24,6.5,4.208667,3.4517462,6.4794273,4.228075412593275
2024_12_ARI_SEA,2024,12,SEA,ARI,2024-11-24,-1.0,-2.5484402,-2.3965964,-3.0039718,-2.166688514677388
2024_12_PHI_LA,2024,12,LA,PHI,2024-11-24,-3.0,0.5236505,1.3460138,-1.943439,0.2766956559938584
2024_12_BAL_LAC,2024,12,LAC,BAL,2024-11-25,-3.0,-0.408877,-0.774662,0.6884781,0.44763293077032995
2024_13_CHI_DET,2024,13,DET,CHI,2024-11-28,9.5,9.848553,10.056979,9.223276,9.463191022283421
2024_13_NYG_DAL,2024,13,DAL,NYG,2024-11-28,4.5,8.047913,8.623884,6.3199987,8.55102468117243
2024_13_MIA_GB,2024,13,GB,MIA,2024-11-28,3.5,6.1536922,5.779489,7.2763033,5.6120405969646985
2024_13_LV_KC,2024,13,KC,LV,2024-11-29,13.5,13.677623,13.004704,15.696377,13.28483524349388
2024_13_LAC_ATL,2024,13,ATL,LAC,2024-12-01,-1.0,-6.1505146,-6.51991,-5.042328,-6.282842889138356
2024_13_PIT_CIN,2024,13,CIN,PIT,2024-12-01,3.0,3.1682055,2.9799907,3.7328498,1.0578797108048903
2024_13_HOU_JAX,2024,13,JAX,HOU,2024-12-01,-3.5,2.2286663,2.5939324,1.1328683,1.9215769962644704
2024_13_ARI_MIN,2024,13,MIN,ARI,2024-12-01,3.5,2.9638562,3.059255,2.6776602,2.8629154970693866
2024_13_IND_NE,2024,13,NE,IND,2024-12-01,-2.5,-3.7258923,-3.3133361,-4.963561,-2.5712735407917986
2024_13_SEA_NYJ,2024,13,NYJ,SEA,2024-12-01,1.0,-2.7616825,-3.3436103,-1.0158994,-2.8032423592408686
2024_13_TEN_WAS,2024,13,WAS,TEN,2024-12-01,6.0,4.9241934,5.407642,3.4738483,3.5101458563660923
2024_13_TB_CAR,2024,13,CAR,TB,2024-12-01,-6.5,-8.333447,-8.41714,-8.082371,-7.762480315511993
2024_13_LA_NO,2024,13,NO,LA,2024-12-01,-2.5,1.6629106,2.5117981,-0.88375235,1.1053597864142637
2024_13_PHI_BAL,2024,13,BAL,PHI,2024-12-01,3.0,3.2762494,3.4727733,2.686678,2.6151006446948557
2024_13_SF_BUF,2024,13,BUF,SF,2024-12-01,6.5,8.537675,8.0228195,10.082242,8.76499390722638
2024_13_CLE_DEN,2024,13,DEN,CLE,2024-12-02,6.5,10.260246,9.808461,11.615601,9.72260885582864
2024_14_GB_DET,2024,14,DET,GB,2024-12-05,3.0,4.0640745,4.41254,3.0186784,7.446141157043114
2024_14_NYJ_MIA,2024,14,MIA,NYJ,2024-12-08,6.5,11.319546,11.466886,10.877527,11.414557465480971
2024_14_ATL_MIN,2024,14,MIN,ATL,2024-12-08,6.0,5.5926867,5.4374266,6.058468,5.680683115391667
2024_14_NO_NYG,2024,14,NYG,NO,2024-12-08,-5.5,-2.4852152,-2.4124856,-2.7034042,-1.7528869638243845
2024_14_CAR_PHI,2024,14,PHI,CAR,2024-12-08,14.0,13.273907,12.951914,14.2398815,13.285722128538923
2024_14_CLE_PIT,2024,14,PIT,CLE,2024-12-08,6.0,5.493332,5.968558,4.0676537,5.706483078966615
2024_14_LV_TB,2024,14,TB,LV,2024-12-08,7.0,7.306532,7.1585975,7.7503357,6.95592322774102
2024_14_JAX_TEN,2024,14,TEN,JAX,2024-12-08,3.0,3.5647566,3.6652346,3.2633228,3.2367430500176653
2024_14_SEA_ARI,2024,14,ARI,SEA,2024-12-08,3.0,-0.80104584,-0.45019913,-1.853586,-0.06005072640368983
2024_14_BUF_LA,2024,14,LA,BUF,2024-12-08,-3.5,-3.0286841,-2.4931703,-4.6352262,-1.4492466604579215
2024_14_CHI_SF,2024,14,SF,CHI,2024-12-08,3.0,3.5430703,3.8358116,2.6648467,2.277390404478379
2024_14_LAC_KC,2024,14,KC,LAC,2024-12-08,5.0,3.6486506,3.3163915,4.6454277,3.627961329008438
2024_14_CIN_DAL,2024,14,DAL,CIN,2024-12-09,-5.0,-3.076846,-2.2372558,-5.5956163,-1.5961455697183797
2024_15_LA_SF,2024,15,SF,LA,2024-12-12,3.0,-5.016402,-5.298921,-4.168844,-5.125619970453091
2024_15_DAL_CAR,2024,15,CAR,DAL,2024-12-15,2.5,-1.2466416,-2.055079,1.1786706,-5.734177589074658
2024_15_KC_CLE,2024,15,CLE,KC,2024-12-15,-4.5,-8.242943,-8.176506,-8.442255,-7.257660531525446
2024_15_MIA_HOU,2024,15,HOU,MIA,2024-12-15,2.5,3.2108934,2.94094,4.020754,3.818860755143495
2024_15_NYJ_JAX,2024,15,JAX,NYJ,2024-12-15,-3.5,-5.844969,-5.947483,-5.537426,-4.585013557671338
2024_15_WAS_NO,2024,15,NO,WAS,2024-12-15,-7.5,-8.9367485,-9.458473,-7.3715763,-11.115432384639142
2024_15_BAL_NYG,2024,15,NYG,BAL,2024-12-15,-16.5,-11.981623,-11.149827,-14.477011,-11.935684871416832
2024_15_CIN_TEN,2024,15,TEN,CIN,2024-12-15,-6.0,-7.885663,-8.112424,-7.2053804,-7.0088409911475935
2024_15_NE_ARI,2024,15,ARI,NE,2024-12-15,6.0,10.084919,9.579854,11.600114,8.014108723298556
2024_15_IND_DEN,2024,15,DEN,IND,2024-12-15,4.5,4.906456,5.12597,4.2479143,5.1326898951164805
2024_15_BUF_DET,2024,15,DET,BUF,2024-12-15,2.5,-3.2589233,-3.7456126,-1.7988558,-4.899867086139808
2024_15_TB_LAC,2024,15,LAC,TB,2024-12-15,3.0,3.640632,3.0119314,5.5267334,4.060737699213282
2024_15_PIT_PHI,2024,15,PHI,PIT,2024-12-15,5.5,4.372651,3.580469,6.749199,3.787296676013222
2024_15_GB_SEA,2024,15,SEA,GB,2024-12-15,-3.0,-6.054409,-5.506011,-7.699605,-6.681733911998856
2024_15_CHI_MIN,2024,15,MIN,CHI,2024-12-16,7.0,7.9796233,8.450567,6.5667915,7.608082490221178
2024_15_ATL_LV,2024,15,LV,ATL,2024-12-16,-6.5,-7.084358,-6.9660754,-7.439207,-8.582400366330306
2024_16_DEN_LAC,2024,16,LAC,DEN,2024-12-19,3.0,0.62119675,0.036039464,2.3766687,-0.8167455013947397
2024_16_HOU_KC,2024,16,KC,HOU,2024-12-21,3.5,2.7747626,2.5627942,3.4106684,3.414812623209278
2024_16_PIT_BAL,2024,16,BAL,PIT,2024-12-21,7.0,7.432139,7.852547,6.1709137,7.475509679299179
2024_16_NYG_ATL,2024,16,ATL,NYG,2024-12-22,9.5,11.765689,11.267114,13.261415,11.582422635862903
2024_16_ARI_CAR,2024,16,CAR,ARI,2024-12-22,-5.5,-5.9911146,-5.6083255,-7.1394815,-4.1931367804786825
2024_16_DET_CHI,2024,16,CHI,DET,2024-12-22,-7.0,-7.4024286,-7.1831474,-8.060272,-7.471359713071755
2024_16_CLE_CIN,2024,16,CIN,CLE,2024-12-22,10.0,8.902892,9.019104,8.5542555,5.947320286155481
2024_16_TEN_IND,2024,16,IND,TEN,2024-12-22,4.0,3.023019,2.783283,3.7422276,2.7251960596136455
2024_16_LA_NYJ,2024,16,NYJ,LA,2024-12-22,-3.0,-8.927587,-8.360156,-10.62988,-8.336580756862753
2024_16_PHI_WAS,2024,16,WAS,PHI,2024-12-22,-4.0,-3.1009948,-2.6793597,-4.3659,-2.763708487332664
2024_16_MIN_SEA,2024,16,SEA,MIN,2024-12-22,-2.5,-0.8892831,-0.8584588,-0.981756,-1.897346834604549
2024_16_NE_BUF,2024,16,BUF,NE,2024-12-22,14.0,12.640023,13.008754,11.533833,12.810996807459269
2024_16_JAX_LV,2024,16,LV,JAX,2024-12-22,2.5,0.78720653,0.14735787,2.7067525,0.4460565957622542
2024_16_SF_MIA,2024,16,MIA,SF,2024-12-22,-2.0,4.901974,5.5932536,2.828137,4.893977356105335
2024_16_TB_DAL,2024,16,DAL,TB,2024-12-22,-4.5,-1.6885765,-1.5890707,-1.9870939,0.5679896838676994
2024_16_NO_GB,2024,16,GB,NO,2024-12-23,14.0,15.952906,14.982833,18.863127,17.2317729269655
2024_17_KC_PIT,2024,17,PIT,KC,2024-12-25,-3.0,-6.176528,-5.75115,-7.4526606,-4.528891293892673
2024_17_BAL_HOU,2024,17,HOU,BAL,2024-12-25,-5.5,-5.1589513,-5.8518696,-3.0801961,-7.095268319886843
2024_17_SEA_CHI,2024,17,CHI,SEA,2024-12-26,-3.5,-4.554087,-4.3132944,-5.2764654,-3.787625181188865
2024_17_LAC_NE,2024,17,NE,LAC,2024-12-28,-6.0,-8.010313,-7.9801693,-8.100742,-5.715466480952666
2024_17_DEN_CIN,2024,17,CIN,DEN,2024-12-28,3.5,3.6318467,3.6712558,3.5136194,1.9046991632287475
2024_17_ARI_LA,2024,17,LA,ARI,2024-12-28,6.5,8.494135,8.255199,9.210942,8.114560631066961
2024_17_NYJ_BUF,2024,17,BUF,NYJ,2024-12-29,10.0,12.24082,11.875874,13.33566,12.707090310275083
2024_17_TEN_JAX,2024,17,JAX,TEN,2024-12-29,-1.0,-1.5929804,-1.4695333,-1.9633214,-0.11354908032436198
2024_17_LV_NO,2024,17,NO,LV,2024-12-29,-2.0,-1.5630147,-1.7976462,-0.85912037,-2.8133178186401286
2024_17_IND_NYG,2024,17,NYG,IND,2024-12-29,-7.5,-2.5848489,-2.6881266,-2.2750156,-3.7085933297732656
2024_17_DAL_PHI,2024,17,PHI,DAL,2024-12-29,7.5,10.064707,9.38918,12.091288,10.762273196248344
2024_17_CAR_TB,2024,17,TB,CAR,2024-12-29,9.5,7.7976875,8.188019,6.626693,7.3464030240022495
2024_17_MIA_CLE,2024,17,CLE,MIA,2024-12-29,-3.0,-3.6334822,-3.3772032,-4.402319,-3.5012799182730974
2024_17_GB_MIN,2024,17,MIN,GB,2024-12-29,-1.0,-1.7051444,-1.5168902,-2.2699072,-0.3587018193007072
2024_17_ATL_WAS,2024,17,WAS,ATL,2024-12-29,3.5,4.249823,5.2443347,1.2662885,3.9168713936704234
2024_17_DET_SF,2024,17,SF,DET,2024-12-30,-4.0,-2.2999594,-1.533935,-4.598033,0.4574248435260779
2024_18_CLE_BAL,2024,18,BAL,CLE,2025-01-04,19.5,18.796253,17.321426,23.22073,15.886311639354641
2024_18_CIN_PIT,2024,18,PIT,CIN,2025-01-04,-2.5,-0.9866169,-0.5457681,-2.3091633,0.11343642318390694
2024_18_CAR_ATL,2024,18,ATL,CAR,2025-01-05,7.5,2.3761544,2.8013194,1.1006591,5.341930369824769
2024_18_WAS_DAL,2024,18,DAL,WAS,2025-01-05,-7.0,-2.80988,-2.9756434,-2.3125894,-3.627255832644183
2024_18_CHI_GB,2024,18,GB,CHI,2025-01-05,10.0,11.210695,11.381165,10.6992855,10.843052098900316
2024_18_JAX_IND,2024,18,IND,JAX,2025-01-05,3.5,3.6028614,3.7639463,3.1196065,2.246113568926323
2024_18_BUF_NE,2024,18,NE,BUF,2025-01-05,-3.0,-6.3801303,-5.735081,-8.315277,-5.407135730715759
2024_18_NYG_PHI,2024,18,PHI,NYG,2025-01-05,3.0,0.19182906,-0.40139884,1.9715127,1.0743223709688139
2024_18_NO_TB,2024,18,TB,NO,2025-01-05,14.5,12.491011,12.781474,11.619623,11.484642773423237
2024_18_HOU_TEN,2024,18,TEN,HOU,2025-01-05,2.5,-3.6346016,-4.254482,-1.774962,-3.7889761968636035
2024_18_SF_ARI,2024,18,ARI,SF,2025-01-05,4.5,6.824051,6.3252335,8.320502,4.475364005328631
2024_18_KC_DEN,2024,18,DEN,KC,2025-01-05,10.5,13.517443,12.253428,17.309486,12.511948828980325
2024_18_SEA_LA,2024,18,LA,SEA,2025-01-05,-7.5,-4.8160276,-3.9744856,-7.3406544,-2.5850177326291837
2024_18_LAC_LV,2024,18,LV,LAC,2025-01-05,-7.0,-0.13075817,-0.07721925,-0.29137492,-0.5000684545709886
2024_18_MIA_NYJ,2024,18,NYJ,MIA,2025-01-05,1.5,-0.83279616,-1.1692065,0.17643476,-2.2526651153423956
2024_18_MIN_DET,2024,18,DET,MIN,2025-01-05,3.0,4.0131474,3.731455,4.8582234,3.1604612691374427
2024_19_LAC_HOU,2024,19,HOU,LAC,2025-01-11,-3.0,-0.46063942,-0.6063016,-0.023652792,0.33675627363352106
2024_19_PIT_BAL,2024,19,BAL,PIT,2025-01-11,9.5,8.537652,8.598026,8.356528,7.742255566895688
2024_19_DEN_BUF,2024,19,BUF,DEN,2025-01-12,7.5,5.9834023,5.5816383,7.188693,5.199451516219081
2024_19_GB_PHI,2024,19,PHI,GB,2025-01-12,5.5,4.152029,3.4978693,6.1145096,2.3361642616606457
2024_19_WAS_TB,2024,19,TB,WAS,2025-01-12,3.0,5.0801487,5.227908,4.6368713,3.6720595675143355
2024_19_MIN_LA,2024,19,LA,MIN,2025-01-13,-2.5,-0.74340713,-1.1902881,0.5972358,-1.4902607413042008
2024_20_HOU_KC,2024,20,KC,HOU,2025-01-18,9.5,8.552542,7.404892,11.995489,9.425956199606683
2024_20_WAS_DET,2024,20,DET,WAS,2025-01-18,8.5,3.2396855,2.5889077,5.192019,1.6280320373321469
2024_20_LA_PHI,2024,20,PHI,LA,2025-01-19,7.0,3.6525378,3.1616905,5.1250796,2.0196485770997623
2024_20_BAL_BUF,2024,20,BUF,BAL,2025-01-19,-1.5,0.7269558,1.1931696,-0.6716857,2.251140240960265
2024_21_WAS_PHI,2024,21,PHI,WAS,2025-01-26,6.0,3.3629596,2.1932383,6.8721237,1.2298325527582543
2024_21_BUF_KC,2024,21,KC,BUF,2025-01-26,1.5,5.248951,5.0659766,5.7978745,5.113768546372447
2024_22_KC_PHI,2024,22,PHI,KC,2025-02-09,-1.5,-2.5044641,-2.4332032,-2.7182472,-2.0244585895516893
2025_01_DAL_PHI,2025,1,PHI,DAL,2025-09-04,8.5,3.0481389,4.0041976,0.17996275,4.528934393564215
2025_01_KC_LAC,2025,1,LAC,KC,2025-09-05,-3.0,-1.5251741,-0.3775595,-4.968018,0.33838372607542205
2025_01_TB_ATL,2025,1,ATL,TB,2025-09-07,-1.5,2.2887137,2.8123994,0.71765625,2.526673359760392
2025_01_CIN_CLE,2025,1,CLE,CIN,2025-09-07,-5.5,-6.337453,-6.141978,-6.923878,-7.28884391724125
2025_01_MIA_IND,2025,1,IND,MIA,2025-09-07,1.5,0.46066716,0.45723456,0.47096503,0.16010571209117208
2025_01_CAR_JAX,2025,1,JAX,CAR,2025-09-07,4.5,5.3292637,5.3987346,5.120851,4.166079434091129
2025_01_LV_NE,2025,1,NE,LV,2025-09-07,2.5,-0.45250422,-1.189802,1.7593892,-0.17793878655632112
2025_01_ARI_NO,2025,1,NO,ARI,2025-09-07,-6.0,-7.9033995,-7.560658,-8.931624,-9.293571639161764
2025_01_PIT_NYJ,2025,1,NYJ,PIT,2025-09-07,-3.0,-2.0605927,-1.2618023,-4.456963,-0.7620252394446699
2025_01_NYG_WAS,2025,1,WAS,NYG,2025-09-07,6.0,5.549535,5.508095,5.673856,4.057209127292479
2025_01_TEN_DEN,2025,1,DEN,TEN,2025-09-07,8.5,11.623614,12.074803,10.270045,13.272255989608427
2025_01_SF_SEA,2025,1,SEA,SF,2025-09-07,-2.5,-2.2142682,-1.9106063,-3.1252537,-2.1876577203561896
2025_01_DET_GB,2025,1,GB,DET,2025-09-07,1.5,3.5962045,3.360428,4.3035336,2.5891769114494956
2025_01_HOU_LA,2025,1,LA,HOU,2025-09-07,3.5,8.523018,8.615071,8.246855,8.970539593052376
2025_01_BAL_BUF,2025,1,BUF,BAL,2025-09-07,-1.5,-0.5735861,-0.15215822,-1.8378698,0.65156204913465
2025_01_MIN_CHI,2025,1,CHI,MIN,2025-09-08,-1.5,-3.2951732,-3.551751,-2.5254402,-4.293814829349232
2025_02_WAS_GB,2025,2,GB,WAS,2025-09-11,3.5,2.45849,2.4202864,2.5730996,1.723437871945939
2025_02_CLE_BAL,2025,2,BAL,CLE,2025-09-14,12.5,12.740663,13.620848,10.100108,12.057640563953807
2025_02_JAX_CIN,2025,2,CIN,JAX,2025-09-14,3.5,5.620297,5.839533,4.9625897,6.2995811348923745
2025_02_NYG_DAL,2025,2,DAL,NYG,2025-09-14,4.5,5.562295,5.245449,6.5128336,3.3449792858049454
2025_02_CHI_DET,2025,2,DET,CHI,2025-09-14,6.0,9.353062,9.334282,9.409403,8.531937649573194
2025_02_NE_MIA,2025,2,MIA,NE,2025-09-14,1.5,-0.091847196,0.107619464,-0.6902472,-1.0512382075449838
2025_02_SF_NO,2025,2,NO,SF,2025-09-14,-3.0,-5.677095,-5.7659483,-5.4105353,-7.022944021675038
2025_02_BUF_NYJ,2025,2,NYJ,BUF,2025-09-14,-6.0,-7.707582,-8.361996,-5.7443414,-9.112318298475078
2025_02_SEA_PIT,2025,2,PIT,SEA,2025-09-14,3.5,1.5318396,1.9262294,0.3486706,0.5775102713677855
2025_02_LA_TEN,2025,2,TEN,LA,2025-09-14,-5.5,-11.067068,-10.682298,-12.221376,-10.524481431600355
2025_02_CAR_ARI,2025,2,ARI,CAR,2025-09-14,7.0,6.7750654,7.192159,5.5237846,7.285944766448899
2025_02_DEN_IND,2025,2,IND,DEN,2025-09-14,-2.5,-6.694682,-5.641323,-9.854758,-4.899306032757726
2025_02_PHI_KC,2025,2,KC,PHI,2025-09-14,-1.5,-0.2643972,-0.542143,0.56884015,-0.8394063669542322
2025_02_ATL_MIN,2025,2,MIN,ATL,2025-09-14,3.5,3.3022497,3.7559824,1.9410515,3.09806738582205
2025_02_TB_HOU,2025,2,HOU,TB,2025-09-15,2.5,1.6413537,1.4547428,2.2011867,2.3520801428736893
2025_02_LAC_LV,2025,2,LV,LAC,2025-09-15,-3.5,-2.3252935,-2.2510011,-2.5481706,-1.7959647410739374
2025_03_MIA_BUF,2025,3,BUF,MIA,2025-09-18,12.5,7.604369,7.035884,9.309826,7.30870417500474
2025_03_ATL_CAR,2025,3,CAR,ATL,2025-09-21,-5.5,-9.346972,-9.143136,-9.958482,-10.31890461732011
2025_03_GB_CLE,2025,3,CLE,GB,2025-09-21,-8.5,-8.77165,-9.249994,-7.336618,-8.219713562182537
2025_03_HOU_JAX,2025,3,JAX,HOU,2025-09-21,1.5,0.50121486,0.7115159,-0.12968838,-0.41274606642216394
2025_03_CIN_MIN,2025,3,MIN,CIN,2025-09-21,3.0,1.7149675,1.8018657,1.454273,0.7833731211946608
2025_03_PIT_NE,2025,3,NE,PIT,2025-09-21,-1.5,-4.545458,-4.7159767,-4.033902,-2.9734249933823103
2025_03_LA_PHI,2025,3,PHI,LA,2025-09-21,3.5,1.0134041,0.82573664,1.5764067,3.937667630293389
2025_03_NYJ_TB,2025,3,TB,NYJ,2025-09-21,6.5,6.140791,6.2833734,5.713043,5.095866088661129
2025_03_IND_TEN,2025,3,TEN,IND,2025-09-21,-6.0,-10.656759,-10.745269,-10.391232,-10.043290628794919
2025_03_LV_WAS,2025,3,WAS,LV,2025-09-21,2.5,1.0042691,1.0208464,0.95453733,0.8444560341646763
2025_03_DEN_LAC,2025,3,LAC,DEN,2025-09-21,2.5,-0.25488728,-0.5230517,0.54960585,0.5875132094566724
2025_03_NO_SEA,2025,3,SEA,NO,2025-09-21,7.5,12.10162,12.186982,11.84553,11.034021334676307
2025_03_DAL_CHI,2025,3,CHI,DAL,2025-09-21,-1.5,0.8569563,0.8616933,0.8427453,1.0164333934908185
2025_03_ARI_SF,2025,3,SF,ARI,2025-09-21,1.5,1.5202857,0.77976644,3.7418437,1.308937547935662
2025_03_KC_NYG,2025,3,NYG,KC,2025-09-21,-6.0,-9.08454,-9.365185,-8.242606,-10.621281403095939
2025_03_DET_BAL,2025,3,BAL,DET,2025-09-22,4.5,-1.4353899,-1.4045728,-1.527841,-0.08810671061114426
2025_04_SEA_ARI,2025,4,ARI,SEA,2025-09-25,-1.5,-3.0230196,-2.965495,-3.1955929,-3.513111451265422
2025_04_MIN_PIT,2025,4,PIT,MIN,2025-09-28,-2.5,-1.6240706,-1.8069324,-1.0754851,-2.4024750046792125
2025_04_WAS_ATL,2025,4,ATL,WAS,2025-09-28,2.5,-1.1320078,-2.428226,2.7566466,-1.4661274200877412
2025_04_NO_BUF,2025,4,BUF,NO,2025-09-28,15.5,12.216189,11.951214,13.011116,11.387916999181725
2025_04_CLE_DET,2025,4,DET,CLE,2025-09-28,10.0,14.456968,14.76186,13.542293,14.258793064035778
2025_04_TEN_HOU,2025,4,HOU,TEN,2025-09-28,7.5,8.810329,9.056435,8.072014,9.3227545517432
2025_04_CAR_NE,2025,4,NE,CAR,2025-09-28,5.5,7.023472,6.245762,9.356602,6.6499899024777065
2025_04_LAC_NYG,2025,4,NYG,LAC,2025-09-28,-6.0,-8.20447,-8.71263,-6.6799884,-9.85025365084453
2025_04_PHI_TB,2025,4,TB,PHI,2025-09-28,-3.5,-3.1151567,-2.7622995,-4.1737275,-2.7774750173945795
2025_04_IND_LA,2025,4,LA,IND,2025-09-28,3.5,8.52784,8.154262,9.648575,7.459526120697345
2025_04_JAX_SF,2025,4,SF,JAX,2025-09-28,3.5,-0.21194369,-0.66802686,1.1563058,-1.7309384470164275
2025_04_BAL_KC,2025,4,KC,BAL,2025-09-28,-2.5,-1.9738246,-1.4610926,-3.5120206,-1.3496205251969862
2025_04_CHI_LV,2025,4,LV,CHI,2025-09-28,1.5,6.2887397,6.4539185,5.793203,8.808271735741153
2025_04_GB_DAL,2025,4,DAL,GB,2025-09-28,-7.0,-4.758559,-5.441141,-2.710813,-4.764804950513547
2025_04_NYJ_MIA,2025,4,MIA,NYJ,2025-09-29,2.5,4.469823,4.1886516,5.3133364,4.365876443176278
2025_04_CIN_DEN,2025,4,DEN,CIN,2025-09-29,7.5,11.460047,11.241644,12.115259,10.920219456850475
2025_05_SF_LA,2025,5,LA,SF,2025-10-02,8.5,8.913374,8.196627,11.063616,9.485253704889713
2025_05_MIN_CLE,2025,5,CLE,MIN,2025-10-05,-3.5,-2.9159994,-3.7460146,-0.42595422,-3.5648472590515716
2025_05_HOU_BAL,2025,5,BAL,HOU,2025-10-05,-2.5,1.3551588,2.9136317,-3.32026,2.010179173434933
2025_05_MIA_CAR,2025,5,CAR,MIA,2025-10-05,-1.5,-1.7772917,-1.1545349,-3.6455617,-2.8002942963270017
2025_05_LV_IND,2025,5,IND,LV,2025-10-05,7.0,9.913687,10.379372,8.516631,11.395871518650363
2025_05_NYG_NO,2025,5,NO,NYG,2025-10-05,1.5,6.2149186,6.326306,5.8807564,7.316753583733029
2025_05_DAL_NYJ,2025,5,NYJ,DAL,2025-10-05,1.5,-1.2100813,-1.8335686,0.6603805,-2.4936572984443695
2025_05_DEN_PHI,2025,5,PHI,DEN,2025-10-05,3.5,3.949296,4.145963,3.3592954,3.558816694643945
2025_05_TEN_ARI,2025,5,ARI,TEN,2025-10-05,7.5,8.299525,8.689961,7.1282153,7.40693191076642
2025_05_TB_SEA,2025,5,SEA,TB,2025-10-05,3.5,8.50024,8.317948,9.047114,4.8291149725453515
2025_05_DET_CIN,2025,5,CIN,DET,2025-10-05,-10.5,-8.813026,-7.8006425,-11.850177,-9.353131201419787
2025_05_WAS_LAC,2025,5,LAC,WAS,2025-10-05,2.5,0.041439056,-0.5006004,1.6675575,-1.182159561630797
2025_05_NE_BUF,2025,5,BUF,NE,2025-10-05,7.5,7.413673,7.580222,6.914026,7.004270703126324
2025_05_KC_JAX,2025,5,JAX,KC,2025-10-06,-3.5,-7.1729264,-7.056497,-7.5222154,-7.575651518764064
2025_06_PHI_NYG,2025,6,NYG,PHI,2025-10-09,-7.0,-7.23286,-7.0932837,-7.651591,-8.374439692426863
2025_06_DEN_NYJ,2025,6,NYJ,DEN,2025-10-12,-7.5,-9.763974,-9.890096,-9.385608,-9.510519375297902
2025_06_LA_BAL,2025,6,BAL,LA,2025-10-12,-7.0,-7.687975,-7.226734,-9.071696,-7.908119498780865
2025_06_DAL_CAR,2025,6,CAR,DAL,2025-10-12,-3.0,-5.1740217,-4.8431635,-6.166596,-3.9723400959408264
2025_06_ARI_IND,2025,6,IND,ARI,2025-10-12,8.5,9.664835,9.302226,10.752663,8.427104619024902
2025_06_SEA_JAX,2025,6,JAX,SEA,2025-10-12,-1.5,-1.0784899,-1.2480148,-0.5699152,-2.015395000335366
2025_06_LAC_MIA,2025,6,MIA,LAC,2025-10-12,-3.5,-3.4094234,-3.7841158,-2.285346,-6.012745230410454
2025_06_NE_NO,2025,6,NO,NE,2025-10-12,-3.5,-4.341646,-4.6435423,-3.4359574,-4.205847283144065
2025_06_CLE_PIT,2025,6,PIT,CLE,2025-10-12,5.5,9.456034,9.133372,10.424021,9.081441150275305
2025_06_TEN_LV,2025,6,LV,TEN,2025-10-12,3.5,4.467121,4.7200756,3.7082577,3.3967625876967067
2025_06_CIN_GB,2025,6,GB,CIN,2025-10-12,14.0,10.4854765,10.175844,11.414372,8.101740742853027
2025_06_SF_TB,2025,6,TB,SF,2025-10-12,3.5,4.991857,4.499661,6.4684453,4.209039205820031
2025_06_DET_KC,2025,6,KC,DET,2025-10-12,2.5,0.49954224,0.0905032,1.7266593,-0.36944452582447457
2025_06_BUF_ATL,2025,6,ATL,BUF,2025-10-13,-3.5,-4.328064,-4.2888646,-4.4456606,-4.681781886233401
2025_06_CHI_WAS,2025,6,WAS,CHI,2025-10-13,5.5,4.940198,4.9696603,4.851811,4.630756670681346
2025_07_PIT_CIN,2025,7,CIN,PIT,2025-10-16,-5.5,-10.430826,-10.170247,-11.212564,-10.15783084798838
2025_07_LA_JAX,2025,7,JAX,LA,2025-10-19,-3.0,-5.0390897,-4.8343787,-5.6532235,-4.813445807065364
2025_07_NO_CHI,2025,7,CHI,NO,2025-10-19,4.5,5.496033,6.087267,3.7223322,4.673872873196308
2025_07_MIA_CLE,2025,7,CLE,MIA,2025-10-19,2.5,-0.055096895,-0.71429944,1.9225107,-0.1153817386765056
2025_07_LV_KC,2025,7,KC,LV,2025-10-19,13.5,10.575247,10.748182,10.056443,10.839687903154402
2025_07_PHI_MIN,2025,7,MIN,PHI,2025-10-19,-2.5,-0.9678172,-0.4913163,-2.3973198,-0.8945083686489197
2025_07_CAR_NYJ,2025,7,NYJ,CAR,2025-10-19,1.5,-1.7206272,-1.9591043,-1.005196,-3.704224212226167
2025_07_NE_TEN,2025,7,TEN,NE,2025-10-19,-6.5,-9.692523,-9.690243,-9.699365,-10.12377588366816
2025_07_NYG_DEN,2025,7,DEN,NYG,2025-10-19,7.5,11.108074,10.905933,11.714496,9.955253843363536
2025_07_IND_LAC,2025,7,LAC,IND,2025-10-19,2.5,1.8642707,1.6026577,2.64911,1.1180228706902617
2025_07_GB_ARI,2025,7,ARI,GB,2025-10-19,-7.0,-8.377627,-8.8469715,-6.9695935,-7.698978977200812
2025_07_WAS_DAL,2025,7,DAL,WAS,2025-10-19,1.5,-0.5341993,-0.4476659,-0.7937995,-2.6459967332897976
2025_07_ATL_SF,2025,7,SF,ATL,2025-10-19,1.5,-0.19053772,-0.12267543,-0.39412463,-0.21440087778468883
2025_07_TB_DET,2025,7,DET,TB,2025-10-20,6.0,3.2830706,2.3676703,6.029271,3.33427576080518
2025_07_HOU_SEA,2025,7,SEA,HOU,2025-10-20,3.0,5.796756,5.8453164,5.6510725,5.3090026324607305
2025_08_MIN_LAC,2025,8,LAC,MIN,2025-10-23,3.0,1.0958222,1.0696293,1.1744007,-0.1600694595326544
2025_08_MIA_ATL,2025,8,ATL,MIA,2025-10-26,7.0,4.514964,4.1792345,5.5221534,5.039328536775049
2025_08_CHI_BAL,2025,8,BAL,CHI,2025-10-26,2.5,-1.8073739,-2.3436527,-0.19853723,-2.1706944912411146
2025_08_BUF_CAR,2025,8,CAR,BUF,2025-10-26,-7.0,-9.222798,-10.0300665,-6.8009934,-10.63893034269312
2025_08_NYJ_CIN,2025,8,CIN,NYJ,2025-10-26,5.5,3.0742254,2.9860249,3.3388267,1.737707784916717
2025_08_SF_HOU,2025,8,HOU,SF,2025-10-26,2.5,4.0331135,3.5249212,5.5576897,1.2405627494349865
2025_08_CLE_NE,2025,8,NE,CLE,2025-10-26,7.0,7.5810766,7.9168334,6.573807,6.161131246031705
2025_08_NYG_PHI,2025,8,PHI,NYG,2025-10-26,7.0,6.567593,6.6776347,6.2374682,8.198921084676957
2025_08_TB_NO,2025,8,NO,TB,2025-10-26,-4.5,-8.6645,-8.905594,-7.941219,-8.121500755226311
2025_08_DAL_DEN,2025,8,DEN,DAL,2025-10-26,3.5,9.66609,8.836992,12.153383,9.169823843192935
2025_08_TEN_IND,2025,8,IND,TEN,2025-10-26,15.5,14.890316,14.899951,14.86141,15.428078344218187
2025_08_GB_PIT,2025,8,PIT,GB,2025-10-26,-3.0,-6.6921515,-6.735255,-6.562842,-6.337516745279011
2025_08_WAS_KC,2025,8,KC,WAS,2025-10-27,10.5,7.8072333,8.080759,6.9866567,6.9706622813859695
2025_09_BAL_MIA,2025,9,MIA,BAL,2025-10-30,-7.5,-9.213945,-9.375926,-8.728003,-10.251129678274449
2025_09_CHI_CIN,2025,9,CIN,CHI,2025-11-02,-3.0,-1.5220962,-1.1685276,-2.5828018,-1.6554679363357223
2025_09_MIN_DET,2025,9,DET,MIN,2025-11-02,9.5,8.897383,8.644495,9.656046,7.603744130353201
2025_09_CAR_GB,2025,9,GB,CAR,2025-11-02,12.5,10.86253,11.129162,10.0626335,11.252359783609071
2025_09_DEN_HOU,2025,9,HOU,DEN,2025-11-02,1.5,-2.3250425,-2.547689,-1.657103,-1.4048014698409232
2025_09_ATL_NE,2025,9,NE,ATL,2025-11-02,5.5,6.4355364,6.6822147,5.695501,5.367496920373307
2025_09_SF_NYG,2025,9,NYG,SF,2025-11-02,-2.5,-1.3604565,-1.5771294,-0.71043766,-3.382837677160103
2025_09_IND_PIT,2025,9,PIT,IND,2025-11-02,-3.5,-1.9729466,-2.8194432,0.56654346,-3.3508871393513875
2025_09_LAC_TEN,2025,9,TEN,LAC,2025-11-02,-10.0,-9.961093,-9.644184,-10.9118185,-10.319563734058105
2025_09_NO_LA,2025,9,LA,NO,2025-11-02,14.0,14.006187,14.008296,13.999861,14.708769071749167
2025_09_JAX_LV,2025,9,LV,JAX,2025-11-02,-2.5,-0.55158794,-0.42533597,-0.93034375,-0.923557689064274
2025_09_KC_BUF,2025,9,BUF,KC,2025-11-02,-2.5,3.9911146,4.9163136,1.2155175,4.631001197643261
2025_09_SEA_WAS,2025,9,WAS,SEA,2025-11-02,-2.5,-6.000128,-5.56487,-7.3059,-5.879341871617521
2025_09_ARI_DAL,2025,9,DAL,ARI,2025-11-03,3.5,5.9689665,6.092116,5.5995183,3.9671781112714566
2025_10_LV_DEN,2025,10,DEN,LV,2025-11-06,9.5,13.101775,13.315048,12.461955,12.191447644021233
2025_10_ATL_IND,2025,10,IND,ATL,2025-11-09,6.5,7.177572,7.51678,6.1599483,7.5354060993981316
2025_10_NO_CAR,2025,10,CAR,NO,2025-11-09,5.5,4.1174493,3.2421305,6.743406,1.436176655046507
2025_10_NYG_CHI,2025,10,CHI,NYG,2025-11-09,4.5,9.20134,8.648381,10.860213,9.590244369936604
2025_10_JAX_HOU,2025,10,HOU,JAX,2025-11-09,-1.5,1.4163232,2.1747046,-0.85882103,1.3712920682457341
2025_10_BUF_MIA,2025,10,MIA,BUF,2025-11-09,-8.5,-5.5858502,-5.842371,-4.816288,-6.3623646174729025
2025_10_BAL_MIN,2025,10,MIN,BAL,2025-11-09,-4.5,-3.490849,-3.0402386,-4.8426805,-5.026243891807703
2025_10_CLE_NYJ,2025,10,NYJ,CLE,2025-11-09,-1.5,-4.675212,-4.4932055,-5.221231,-4.9696981579209085
2025_10_NE_TB,2025,10,TB,NE,2025-11-09,2.5,4.134551,3.9079201,4.8144445,3.617704789266936
2025_10_ARI_SEA,2025,10,SEA,ARI,2025-11-09,7.0,10.055219,10.243674,9.489852,12.148441817215199
2025_10_LA_SF,2025,10,SF,LA,2025-11-09,-5.5,-3.4217832,-4.2742963,-0.8642434,-2.581488623568908
2025_10_DET_WAS,2025,10,WAS,DET,2025-11-09,-8.5,-10.179942,-9.776479,-11.39033,-11.038355156043117
2025_10_PIT_LAC,2025,10,LAC,PIT,2025-11-09,3.0,-0.42072454,-0.92776847,1.1004072,0.33170605522855556
2025_10_PHI_GB,2025,10,GB,PHI,2025-11-10,1.5,-3.1945467,-3.1955917,-3.1914124,-1.1618575445299537
2025_11_NYJ_NE,2025,11,NE,NYJ,2025-11-13,12.5,10.881585,11.034183,10.423794,10.303175472426014
2025_11_WAS_MIA,2025,11,MIA,WAS,2025-11-16,2.5,-0.12905009,-0.18633538,0.04280579,-1.3008449053148787
2025_11_CAR_ATL,2025,11,ATL,CAR,2025-11-16,4.5,9.196609,9.528697,8.200345,10.06248926514018
2025_11_TB_BUF,2025,11,BUF,TB,2025-11-16,6.0,9.861394,9.03289,12.346906,7.9985562493783675
2025_11_LAC_JAX,2025,11,JAX,LAC,2025-11-16,-3.0,-0.14232977,0.18560976,-1.1261483,-0.39925435201364695
2025_11_CHI_MIN,2025,11,MIN,CHI,2025-11-16,3.0,6.182745,6.2339892,6.0290127,8.856217064730577
2025_11_GB_NYG,2025,11,NYG,GB,2025-11-16,-7.5,-6.4771976,-6.67851,-5.873261,-6.879510723008121
2025_11_CIN_PIT,2025,11,PIT,CIN,2025-11-16,5.5,5.634874,5.1032033,7.2298846,4.82246204360482
2025_11_HOU_TEN,2025,11,TEN,HOU,2025-11-16,-5.5,-3.0405302,-3.7099519,-1.0322651,-2.3718473859030964
2025_11_SF_ARI,2025,11,ARI,SF,2025-11-16,-3.5,-0.7418309,-0.008071845,-2.943108,-1.1759060749887038
2025_11_SEA_LA,2025,11,LA,SEA,2025-11-16,3.0,2.8183331,2.475305,3.8474178,1.9439439171928128
2025_11_BAL_CLE,2025,11,CLE,BAL,2025-11-16,-7.5,-2.9150639,-2.7442017,-3.427651,-2.4292177940290873
2025_11_KC_DEN,2025,11,DEN,KC,2025-11-16,-3.5,3.2459998,4.1667724,0.48368275,5.504658704040315
2025_11_DET_PHI,2025,11,PHI,DET,2025-11-16,2.5,0.1331513,-0.6579449,2.50644,-0.09622904448654049
2025_11_DAL_LV,2025,11,LV,DAL,2025-11-17,-3.5,-2.401557,-1.6039593,-4.794349,-1.4359472383521386
2025_12_BUF_HOU,2025,12,HOU,BUF,2025-11-20,-5.5,-2.1066012,-2.1238968,-2.0547147,-1.2463077447968607
2025_12_NYJ_BAL,2025,12,BAL,NYJ,2025-11-23,14.0,11.679181,12.461208,9.3331,12.189964256057598
2025_12_PIT_CHI,2025,12,CHI,PIT,2025-11-23,3.0,2.643284,2.7973368,2.1811256,1.956468548351112
2025_12_NE_CIN,2025,12,CIN,NE,2025-11-23,-7.5,-6.305091,-6.189313,-6.6524234,-6.3368870643364685
2025_12_NYG_DET,2025,12,DET,NYG,2025-11-23,14.0,12.355525,12.667219,11.420444,14.00109419268195
2025_12_MIN_GB,2025,12,GB,MIN,2025-11-23,6.5,5.052261,5.091609,4.9342165,4.763230569864555
2025_12_IND_KC,2025,12,KC,IND,2025-11-23,3.5,-0.55456305,-0.92054075,0.5433701,-0.8662792537121486
2025_12_SEA_TEN,2025,12,TEN,SEA,2025-11-23,-12.5,-9.732624,-9.133637,-11.529581,-7.977125076040166
2025_12_JAX_ARI,2025,12,ARI,JAX,2025-11-23,-2.5,-0.24852112,0.07241327,-1.2113243,0.9097484170674541
2025_12_CLE_LV,2025,12,LV,CLE,2025-11-23,3.0,-1.2810212,-1.8561071,0.4442364,-1.9776378587865642
2025_12_PHI_DAL,2025,12,DAL,PHI,2025-11-23,-3.0,-1.7525959,-1.8373754,-1.4982575,-2.049317688123131
2025_12_ATL_NO,2025,12,NO,ATL,2025-11-23,1.5,-2.35913,-2.276568,-2.6068163,-2.1984227746197416
2025_12_TB_LA,2025,12,LA,TB,2025-11-23,7.0,8.012815,8.170015,7.5412164,8.313177275746968
2025_12_CAR_SF,2025,12,SF,CAR,2025-11-24,7.5,9.661228,9.610995,9.811926,8.622207228874474
2025_13_GB_DET,2025,13,DET,GB,2025-11-27,2.5,-3.4254022,-3.1558695,-4.2340007,-1.546342680116669
2025_13_KC_DAL,2025,13,DAL,KC,2025-11-27,-3.5,4.0973954,4.5087605,2.8633,5.509783506206436
2025_13_CIN_BAL,2025,13,BAL,CIN,2025-11-27,7.0,5.3493443,5.533412,4.7971416,5.945169581113528
2025_13_CHI_PHI,2025,13,PHI,CHI,2025-11-28,7.0,9.504107,8.656608,12.046607,9.137170292371257
2025_13_LA_CAR,2025,13,CAR,LA,2025-11-30,-10.0,-8.1589,-7.9022183,-8.9289465,-7.574467260417277
2025_13_SF_CLE,2025,13,CLE,SF,2025-11-30,-5.5,-1.4456639,-1.9027916,-0.07428086,-3.2483050142192877
2025_13_HOU_IND,2025,13,IND,HOU,2025-11-30,3.0,4.6345725,5.106425,3.2190144,4.042523531850079
2025_13_NO_MIA,2025,13,MIA,NO,2025-11-30,5.5,4.440251,4.447672,4.417988,3.6329378308461284
2025_13_ATL_NYJ,2025,13,NYJ,ATL,2025-11-30,-3.0,-5.2307115,-5.153359,-5.4627686,-4.590283624369842
2025_13_ARI_TB,2025,13,TB,ARI,2025-11-30,4.5,5.4042883,4.894586,6.9333954,4.024390605091693
2025_13_JAX_TEN,2025,13,TEN,JAX,2025-11-30,-6.0,-5.5724688,-6.5258756,-2.7122478,-5.497361314585162
2025_13_MIN_SEA,2025,13,SEA,MIN,2025-11-30,12.5,14.386576,14.4968405,14.055783,12.496126796129142
2025_13_LV_LAC,2025,13,LAC,LV,2025-11-30,10.0,11.175237,11.126059,11.322772,11.032863787881885
2025_13_BUF_PIT,2025,13,PIT,BUF,2025-11-30,-3.0,-7.8933992,-7.4376187,-9.260739,-7.794915868474096
2025_13_DEN_WAS,2025,13,WAS,DEN,2025-11-30,-6.5,-7.185983,-7.6442266,-5.8112526,-7.958748800899964
2025_13_NYG_NE,2025,13,NE,NYG,2025-12-01,7.0,5.025702,5.8170295,2.6517208,4.758261941992484
2025_14_DAL_DET,2025,14,DET,DAL,2025-12-04,3.5,1.8297966,2.4282265,0.034507036,2.130516707169118
2025_14_SEA_ATL,2025,14,ATL,SEA,2025-12-07,-7.0,-6.812201,-7.443957,-4.916933,-7.18275053841946
2025_14_PIT_BAL,2025,14,BAL,PIT,2025-12-07,5.5,0.80111843,1.0229968,0.1354835,0.09692162003308577
2025_14_TEN_CLE,2025,14,CLE,TEN,2025-12-07,4.5,5.2853413,5.488403,4.676156,3.5651950951757057
2025_14_CHI_GB,2025,14,GB,CHI,2025-12-07,6.5,5.8889494,5.437926,7.2420187,4.31178274151205
2025_14_IND_JAX,2025,14,JAX,IND,2025-12-07,-2.5,7.2297974,7.879534,5.2805886,5.596425673207478
2025_14_WAS_MIN,2025,14,MIN,WAS,2025-12-07,-1.5,-2.2132893,-1.3192791,-4.8953195,-1.25983331625016
2025_14_MIA_NYJ,2025,14,NYJ,MIA,2025-12-07,-2.5,-1.4592613,-1.2820091,-1.9910179,-1.9086301190292108
2025_14_NO_TB,2025,14,TB,NO,2025-12-07,7.5,11.085677,10.855685,11.775655,10.291539880213833
2025_14_DEN_LV,2025,14,LV,DEN,2025-12-07,-8.5,-8.844568,-8.829358,-8.890199,-7.119524401177714
2025_14_LA_ARI,2025,14,ARI,LA,2025-12-07,-9.5,-13.346699,-12.621372,-15.52268,-12.618136321123535
2025_14_CIN_BUF,2025,14,BUF,CIN,2025-12-07,6.0,4.713893,3.8617246,7.2703977,3.5240401326531847
2025_14_HOU_KC,2025,14,KC,HOU,2025-12-07,4.5,4.5558414,4.970402,3.31216,5.525910843268953
2025_14_PHI_LAC,2025,14,LAC,PHI,2025-12-08,-1.5,0.8796196,1.0095717,0.48976314,0.3801786071985964
2025_15_ATL_TB,2025,15,TB,ATL,2025-12-11,6.0,2.144404,1.8126835,3.1395655,1.907587825496094
2025_15_CLE_CHI,2025,15,CHI,CLE,2025-12-14,7.5,8.3527975,8.062179,9.224654,7.031256605363992
2025_15_BAL_CIN,2025,15,CIN,BAL,2025-12-14,-2.5,-2.3709395,-1.8540621,-3.9215717,-4.827370937579572
2025_15_ARI_HOU,2025,15,HOU,ARI,2025-12-14,10.5,12.891812,12.832349,13.070202,12.433500420445
2025_15_NYJ_JAX,2025,15,JAX,NYJ,2025-12-14,13.5,16.125141,16.1691,15.993265,14.431639576158895
2025_15_LAC_KC,2025,15,KC,LAC,2025-12-14,5.5,3.4064217,3.441722,3.3005214,3.485065331294913
2025_15_BUF_NE,2025,15,NE,BUF,2025-12-14,-2.5,-3.6643915,-3.0303977,-5.5663733,-3.802580846323499
2025_15_WAS_NYG,2025,15,NYG,WAS,2025-12-14,2.5,-0.63774526,-0.99199194,0.4249946,-2.335688170317065
2025_15_LV_PHI,2025,15,PHI,LV,2025-12-14,12.5,10.190352,9.979436,10.823101,11.435711095228115
2025_15_GB_DEN,2025,15,DEN,GB,2025-12-14,-1.5,6.1291113,6.4053206,5.3004837,7.405083516113812
2025_15_DET_LA,2025,15,LA,DET,2025-12-14,5.5,3.9712214,3.1739385,6.36307,1.7788953119514304
2025_15_CAR_NO,2025,15,NO,CAR,2025-12-14,-2.5,-2.6002235,-1.9336292,-4.6000066,-1.8376437409894015
2025_15_IND_SEA,2025,15,SEA,IND,2025-12-14,13.5,13.640901,13.331275,14.5697775,12.746109982650827
2025_15_TEN_SF,2025,15,SF,TEN,2025-12-14,12.5,7.761619,8.061653,6.8615174,9.764345471351694
2025_15_MIN_DAL,2025,15,DAL,MIN,2025-12-14,5.5,0.71000755,0.053231362,2.680336,-0.4753613470610999
2025_15_MIA_PIT,2025,15,PIT,MIA,2025-12-15,3.0,2.1693287,2.285984,1.8193622,1.3877400556086759
2025_16_LA_SEA,2025,16,SEA,LA,2025-12-18,1.5,-3.2505019,-3.5938919,-2.2203321,-4.240487753988532
2025_16_GB_CHI,2025,16,CHI,GB,2025-12-20,1.5,5.774365,5.1188097,7.74103,5.223072625838848
2025_16_PHI_WAS,2025,16,WAS,PHI,2025-12-20,-7.0,-7.928032,-8.227386,-7.029968,-7.289917853819728
2025_16_NE_BAL,2025,16,BAL,NE,2025-12-21,3.5,2.7046833,3.034259,1.715956,1.818099864016376
2025_16_TB_CAR,2025,16,CAR,TB,2025-12-21,-3.0,-3.9070292,-4.1551595,-3.1626382,-4.674102915843758
2025_16_BUF_CLE,2025,16,CLE,BUF,2025-12-21,-10.5,-6.904246,-6.3854814,-8.460539,-6.8233626687374835
2025_16_LAC_DAL,2025,16,DAL,LAC,2025-12-21,1.5,-2.2502387,-2.3239133,-2.0292149,-2.1099245881237194
2025_16_NYJ_NO,2025,16,NO,NYJ,2025-12-21,6.5,4.4224567,4.5835094,3.9392996,3.9067015572462824
2025_16_MIN_NYG,2025,16,NYG,MIN,2025-12-21,-2.5,-1.7994317,-1.9297792,-1.408389,-2.1260232471943734
2025_16_KC_TEN,2025,16,TEN,KC,2025-12-21,-3.5,-3.3942113,-3.837609,-2.0640182,-3.210641590136467
2025_16_ATL_ARI,2025,16,ARI,ATL,2025-12-21,-2.5,-4.9179096,-4.593753,-5.8903804,-5.360319318648094
2025_16_JAX_DEN,2025,16,DEN,JAX,2025-12-21,3.5,5.606931,5.41772,6.1745663,3.8674995752999117
2025_16_PIT_DET,2025,16,DET,PIT,2025-12-21,7.5,6.6610494,6.999159,5.646721,7.634439035413873
2025_16_LV_HOU,2025,16,HOU,LV,2025-12-21,14.5,17.37351,17.38695,17.33319,15.510336425116384
2025_16_CIN_MIA,2025,16,MIA,CIN,2025-12-21,-3.5,3.6309087,4.192964,1.9447429,2.444114974093565
2025_16_SF_IND,2025,16,IND,SF,2025-12-22,-4.5,-5.467658,-5.8286967,-4.384542,-6.186380576602349
2025_17_DAL_WAS,2025,17,WAS,DAL,2025-12-25,-8.5,-7.7529907,-7.1346874,-9.607901,-8.607025112943436
2025_17_DET_MIN,2025,17,MIN,DET,2025-12-25,-7.0,-6.3412027,-6.2532806,-6.6049685,-7.937043240353057
2025_17_DEN_KC,2025,17,KC,DEN,2025-12-25,-13.5,-8.197821,-7.0985923,-11.495508,-6.612680132026229
2025_17_SEA_CAR,2025,17,CAR,SEA,2025-12-28,-6.5,-7.0326347,-7.974525,-4.206964,-8.520154429509992
2025_17_ARI_CIN,2025,17,CIN,ARI,2025-12-28,7.0,7.7823787,7.920721,7.367352,8.89970818431154
2025_17_PIT_CLE,2025,17,CLE,PIT,2025-12-28,-4.5,-4.858365,-5.6636205,-2.4425993,-5.8391454435046635
2025_17_BAL_GB,2025,17,GB,BAL,2025-12-27,2.5,0.2809841,0.016375748,1.0748092,-0.9417889189721946
2025_17_JAX_IND,2025,17,IND,JAX,2025-12-28,-3.5,-3.2326627,-3.4233372,-2.6606393,-5.098642754771279
2025_17_HOU_LAC,2025,17,LAC,HOU,2025-12-27,1.5,-2.4829006,-3.1091835,-0.60405195,-3.762506720288401
2025_17_NYG_LV,2025,17,LV,NYG,2025-12-28,-3.0,-1.4671285,-0.9767588,-2.9382377,0.2028914825719918
2025_17_TB_MIA,2025,17,MIA,TB,2025-12-28,-5.5,-3.2690623,-3.3469496,-3.0354004,-2.687264122137087
2025_17_NE_NYJ,2025,17,NYJ,NE,2025-12-28,-12.5,-9.52516,-9.363451,-10.010284,-8.714959898111108
2025_17_NO_TEN,2025,17,TEN,NO,2025-12-28,-1.5,-0.98365366,-0.79615337,-1.5461546,-0.8882550270284132
2025_17_PHI_BUF,2025,17,BUF,PHI,2025-12-28,3.0,2.6558914,2.9522576,1.7667922,1.852732764287
2025_17_CHI_SF,2025,17,SF,CHI,2025-12-28,3.5,0.98841906,1.0533652,0.7935804,3.5909333302259863
2025_17_LA_ATL,2025,17,ATL,LA,2025-12-29,-7.5,-1.4274603,-1.3674792,-1.6074036,0.39271962221379597
2025_18_NO_ATL,2025,18,ATL,NO,2026-01-04,4.5,3.1540413,2.9399364,3.7963562,1.8238471732855304
2025_18_NYJ_BUF,2025,18,BUF,NYJ,2026-01-04,12.5,15.358803,15.393519,15.254652,13.307090569943393
2025_18_DET_CHI,2025,18,CHI,DET,2026-01-04,3.5,2.894626,3.0217984,2.5131085,0.6556159887046537
2025_18_CLE_CIN,2025,18,CIN,CLE,2026-01-04,9.5,12.495071,12.71023,11.849593,10.958327124039736
2025_18_LAC_DEN,2025,18,DEN,LAC,2026-01-04,14.5,12.871979,12.5088825,13.9612665,12.728993916433385
2025_18_IND_HOU,2025,18,HOU,IND,2026-01-04,9.5,13.976705,14.115891,13.559143,13.641399710126214
2025_18_TEN_JAX,2025,18,JAX,TEN,2026-01-04,12.5,12.911995,13.288139,11.783561,12.557437908413315
2025_18_ARI_LA,2025,18,LA,ARI,2026-01-04,14.5,13.539836,13.674789,13.1349745,13.013074666300062
2025_18_KC_LV,2025,18,LV,KC,2026-01-04,-3.5,-4.6964417,-5.305823,-2.8682985,-5.665758906547629
2025_18_GB_MIN,2025,18,MIN,GB,2026-01-04,12.5,10.841206,10.373574,12.2441,10.18177855324681
2025_18_MIA_NE,2025,18,NE,MIA,2026-01-04,14.0,14.167466,13.784378,15.3167305,13.163120585042492
2025_18_DAL_NYG,2025,18,NYG,DAL,2026-01-04,-3.0,-5.713373,-5.0061255,-7.835117,-4.133802030971817
2025_18_WAS_PHI,2025,18,PHI,WAS,2026-01-04,3.0,-1.2321455,-0.5433614,-3.2984977,0.4409889235988554
2025_18_BAL_PIT,2025,18,PIT,BAL,2026-01-04,-4.5,-6.299783,-6.101889,-6.8934646,-5.909767512831942
2025_18_SEA_SF,2025,18,SF,SEA,2026-01-03,-2.5,2.6383052,3.3154986,0.60672486,4.261358793332568
2025_18_CAR_TB,2025,18,TB,CAR,2026-01-03,3.0,-1.1614561,-0.8181323,-2.1914277,-1.2585856649602476
2025_19_GB_CHI,2025,19,CHI,GB,2026-01-10,-2.5,0.26968008,0.64399135,-0.8532537,0.10969984619898401
2025_19_BUF_JAX,2025,19,JAX,BUF,2026-01-11,1.5,2.7900705,2.6341853,3.2577267,1.6784474324461034
2025_19_SF_PHI,2025,19,PHI,SF,2026-01-11,6.0,5.783847,4.966827,8.234908,4.229353477071422
2025_19_LAC_NE,2025,19,NE,LAC,2026-01-11,3.5,6.578848,7.3898463,4.145854,5.367541925403049
2025_19_HOU_PIT,2025,19,PIT,HOU,2026-01-12,-3.0,0.2396038,-0.14830416,1.4033277,-0.6853207382651553
2025_19_LA_CAR,2025,19,CAR,LA,2026-01-10,-10.0,-6.4866357,-6.0421166,-7.820193,-6.136051177234083
2025_20_BUF_DEN,2025,20,DEN,BUF,2026-01-17,1.5,7.1665516,6.92718,7.884666,5.18798921048874
2025_20_SF_SEA,2025,20,SEA,SF,2026-01-17,6.5,4.9040685,4.1765914,7.0864997,2.865911146666588
2025_20_LA_CHI,2025,20,CHI,LA,2026-01-18,-3.5,2.7809868,3.0542321,1.9612501,4.7061514016860775
2025_20_HOU_NE,2025,20,NE,HOU,2026-01-18,3.0,4.19818,3.6823976,5.7455273,2.6085550240350877
2025_21_NE_DEN,2025,21,DEN,NE,2026-01-25,-3.5,0.12507695,-0.27027735,1.3111398,-0.8526702767868032
2025_21_LA_SEA,2025,21,SEA,LA,2026-01-25,2.5,0.44656667,-0.2136493,2.4272146,1.177700295096314
2025_22_SEA_NE,2025,22,NE,SEA,2026-02-08,-4.5,0.19689834,0.116200015,0.43899333,-0.17891969440803565
